age,workclass,fnlwgt,education,education-num, marital-status,occupation,relationship,race,sex,capital-gain,capital-loss,hours-per-week,salary
23,Private,72887,HS-grad,9,Never-married,Craft-repair,Own-child,Asian-Pac-Islander,Male,0,0,1,10279
22,?,31102,Some-college,10,Never-married,?,Own-child,Asian-Pac-Islander,Female,0,0,4,10907
24,Private,243368,Preschool,1,Never-married,Farming-fishing,Not-in-family,White,Male,0,0,36,11071
17,Private,206506,10th,6,Never-married,Handlers-cleaners,Other-relative,White,Male,0,0,10,11217
40,?,224361,9th,5,Divorced,?,Unmarried,White,Female,0,0,5,11219
21,Private,243368,Preschool,1,Never-married,Farming-fishing,Not-in-family,White,Male,0,0,50,11243
22,Private,238917,1st-4th,2,Never-married,Machine-op-inspct,Not-in-family,White,Male,0,0,24,11271
25,Private,71351,1st-4th,2,Never-married,Other-service,Other-relative,White,Male,0,0,25,11296
47,Private,343579,1st-4th,2,Married-spouse-absent,Farming-fishing,Not-in-family,White,Male,0,0,12,11460
32,Self-emp-not-inc,116834,HS-grad,9,Married-civ-spouse,Other-service,Wife,White,Female,0,0,5,11552
36,Private,209993,1st-4th,2,Widowed,Other-service,Other-relative,White,Female,0,0,20,11630
18,Private,282609,5th-6th,3,Never-married,Handlers-cleaners,Other-relative,White,Male,0,0,30,11873
20,Private,88126,Some-college,10,Never-married,Adm-clerical,Own-child,White,Male,0,0,9,11879
46,Private,225065,Preschool,1,Married-civ-spouse,Machine-op-inspct,Wife,White,Female,0,0,40,12025
35,Private,209993,11th,7,Separated,Priv-house-serv,Unmarried,White,Female,0,0,8,12162
63,Private,440607,Preschool,1,Married-civ-spouse,Prof-specialty,Husband,Other,Male,0,0,30,12301
32,Private,398019,7th-8th,4,Never-married,Priv-house-serv,Not-in-family,White,Female,0,0,15,12303
29,Private,113870,1st-4th,2,Married-civ-spouse,Other-service,Husband,White,Male,0,0,40,12394
31,Private,306459,1st-4th,2,Separated,Handlers-cleaners,Unmarried,White,Male,0,0,35,12441
31,Private,248653,1st-4th,2,Never-married,Handlers-cleaners,Not-in-family,White,Male,0,0,37,12506
29,?,256211,1st-4th,2,Never-married,?,Own-child,Asian-Pac-Islander,Male,0,0,40,12536
17,?,198797,11th,7,Never-married,?,Own-child,White,Male,0,0,20,12559
68,Private,123653,5th-6th,3,Separated,Other-service,Not-in-family,White,Male,0,0,12,12560
19,Private,86150,11th,7,Never-married,Sales,Own-child,Asian-Pac-Islander,Female,0,0,19,12594
22,Local-gov,211129,Assoc-voc,11,Never-married,Adm-clerical,Own-child,White,Female,0,0,10,12621
17,Private,270587,11th,7,Never-married,Other-service,Own-child,White,Male,0,0,20,12631
23,?,263899,HS-grad,9,Never-married,?,Own-child,Black,Male,0,0,12,12736
43,Private,197397,Some-college,10,Married-civ-spouse,Prof-specialty,Wife,Other,Female,0,0,6,12771
21,Private,308237,5th-6th,3,Married-civ-spouse,Handlers-cleaners,Husband,White,Male,0,0,40,12788
24,Private,240137,1st-4th,2,Never-married,Handlers-cleaners,Not-in-family,White,Male,0,0,55,12825
17,Private,168203,7th-8th,4,Never-married,Farming-fishing,Other-relative,Other,Male,0,0,40,12848
19,Private,223648,11th,7,Never-married,Sales,Own-child,White,Male,0,0,20,12864
22,Private,308205,5th-6th,3,Never-married,Farming-fishing,Other-relative,White,Male,0,0,40,12908
22,Private,390817,5th-6th,3,Married-civ-spouse,Craft-repair,Other-relative,White,Male,0,0,40,12991
24,Private,228772,5th-6th,3,Never-married,Machine-op-inspct,Other-relative,White,Female,0,0,40,13069
25,Private,114838,Prof-school,15,Never-married,Prof-specialty,Not-in-family,White,Female,0,0,8,13107
31,Private,500002,1st-4th,2,Married-civ-spouse,Farming-fishing,Husband,White,Male,0,0,45,13245
22,Private,216867,5th-6th,3,Married-civ-spouse,Craft-repair,Husband,White,Male,0,0,48,13337
21,Private,244312,9th,5,Never-married,Craft-repair,Own-child,White,Male,0,0,30,13364
19,State-gov,536725,Some-college,10,Never-married,Adm-clerical,Other-relative,White,Female,0,0,15,13372
26,Private,350853,5th-6th,3,Never-married,Transport-moving,Not-in-family,White,Male,0,0,40,13431
27,Private,255476,5th-6th,3,Never-married,Other-service,Other-relative,White,Male,0,0,40,13455
41,Private,223548,1st-4th,2,Married-civ-spouse,Machine-op-inspct,Husband,White,Male,0,0,40,13464
25,Private,521400,5th-6th,3,Never-married,Machine-op-inspct,Other-relative,White,Male,0,0,40,13481
28,Private,173673,5th-6th,3,Never-married,Other-service,Not-in-family,White,Female,0,0,40,13494
19,Self-emp-not-inc,285263,9th,5,Never-married,Prof-specialty,Not-in-family,White,Male,0,0,35,13575
28,Private,278736,5th-6th,3,Married-civ-spouse,Machine-op-inspct,Husband,White,Male,0,0,40,13599
75,Private,71898,Preschool,1,Never-married,Priv-house-serv,Not-in-family,Asian-Pac-Islander,Female,0,0,48,13624
18,Private,79443,9th,5,Never-married,Machine-op-inspct,Own-child,White,Male,0,0,40,13639
63,Private,106910,5th-6th,3,Widowed,Other-service,Other-relative,Asian-Pac-Islander,Female,0,0,19,13679
22,?,214238,7th-8th,4,Never-married,?,Unmarried,White,Female,0,0,40,13694
30,Private,136651,5th-6th,3,Married-civ-spouse,Craft-repair,Husband,White,Male,0,0,40,13697
25,Private,206600,10th,6,Never-married,Other-service,Not-in-family,White,Male,0,0,24,13783
44,Private,317535,1st-4th,2,Married-civ-spouse,Protective-serv,Other-relative,White,Male,0,0,40,13798
52,Private,76860,HS-grad,9,Married-civ-spouse,Handlers-cleaners,Husband,Asian-Pac-Islander,Male,0,0,8,13813
23,Private,234460,7th-8th,4,Never-married,Machine-op-inspct,Own-child,Black,Female,0,0,40,13874
74,Private,194312,9th,5,Widowed,Craft-repair,Not-in-family,White,Male,0,0,10,13884
53,Private,209906,1st-4th,2,Married-civ-spouse,Other-service,Husband,Black,Male,0,0,35,13885
46,Private,251786,1st-4th,2,Separated,Other-service,Not-in-family,White,Female,0,0,40,13892
32,Private,102986,5th-6th,3,Married-civ-spouse,Machine-op-inspct,Wife,Asian-Pac-Islander,Female,0,0,40,13903
53,Private,158352,5th-6th,3,Married-civ-spouse,Other-service,Other-relative,White,Female,0,0,24,13950
27,Private,150958,5th-6th,3,Never-married,Farming-fishing,Unmarried,White,Male,0,0,48,13991
36,Private,301227,5th-6th,3,Separated,Priv-house-serv,Unmarried,Other,Female,0,0,35,14046
64,Private,251292,5th-6th,3,Separated,Other-service,Other-relative,White,Female,0,0,20,14071
21,Private,455361,9th,5,Never-married,Other-service,Unmarried,White,Male,0,0,35,14095
18,Private,95917,HS-grad,9,Never-married,Other-service,Own-child,White,Male,0,0,25,14121
41,Private,235167,5th-6th,3,Married-spouse-absent,Priv-house-serv,Not-in-family,White,Female,0,0,32,14139
25,Private,188507,7th-8th,4,Never-married,Machine-op-inspct,Other-relative,White,Female,0,0,40,14149
25,Private,207875,7th-8th,4,Married-civ-spouse,Handlers-cleaners,Husband,White,Male,0,0,40,14168
33,Local-gov,269604,5th-6th,3,Never-married,Other-service,Unmarried,Other,Female,0,0,40,14190
25,Private,257562,7th-8th,4,Married-civ-spouse,Craft-repair,Husband,White,Male,0,0,40,14218
27,Private,236481,Prof-school,15,Never-married,Prof-specialty,Not-in-family,Asian-Pac-Islander,Male,0,0,10,14276
34,Private,238305,Some-college,10,Married-civ-spouse,Other-service,Wife,White,Female,0,1628,12,14306
21,Private,131473,Some-college,10,Never-married,Sales,Own-child,Asian-Pac-Islander,Male,0,0,20,14311
33,Private,415706,5th-6th,3,Separated,Other-service,Unmarried,White,Female,0,0,40,14336
33,Private,419895,5th-6th,3,Divorced,Handlers-cleaners,Unmarried,White,Male,0,0,40,14340
35,Federal-gov,205584,5th-6th,3,Never-married,Craft-repair,Not-in-family,White,Male,0,0,40,14366
25,Private,456618,7th-8th,4,Never-married,Machine-op-inspct,Unmarried,White,Male,0,0,40,14417
51,Self-emp-not-inc,388496,Some-college,10,Divorced,Craft-repair,Not-in-family,White,Male,0,0,8,14460
24,Private,216867,10th,6,Never-married,Other-service,Other-relative,White,Male,0,0,30,14507
28,Private,70034,7th-8th,4,Never-married,Adm-clerical,Own-child,White,Male,0,0,40,14510
42,Private,137698,5th-6th,3,Married-spouse-absent,Farming-fishing,Not-in-family,White,Male,0,0,35,14513
22,Private,164775,9th,5,Never-married,Machine-op-inspct,Unmarried,White,Male,0,0,40,14525
32,?,251612,5th-6th,3,Never-married,?,Unmarried,White,Female,0,0,45,14527
41,Private,262038,5th-6th,3,Married-spouse-absent,Farming-fishing,Not-in-family,White,Male,0,0,35,14532
23,?,169104,Assoc-acdm,12,Never-married,?,Own-child,Asian-Pac-Islander,Male,0,0,16,14569
21,Private,400635,Some-college,10,Never-married,Other-service,Not-in-family,White,Female,0,0,20,14581
31,Private,509364,5th-6th,3,Never-married,Machine-op-inspct,Not-in-family,White,Male,0,0,45,14649
56,Self-emp-not-inc,210731,7th-8th,4,Divorced,Sales,Other-relative,White,Male,0,0,20,14671
18,Private,205894,Some-college,10,Never-married,Sales,Own-child,White,Male,0,0,25,14681
38,Local-gov,218184,5th-6th,3,Married-civ-spouse,Handlers-cleaners,Other-relative,White,Male,0,0,40,14738
22,Private,359759,Some-college,10,Never-married,Sales,Not-in-family,Asian-Pac-Islander,Male,0,0,20,14740
60,Private,223696,1st-4th,2,Divorced,Craft-repair,Not-in-family,Other,Male,0,0,38,14746
38,Private,231037,5th-6th,3,Married-civ-spouse,Sales,Husband,White,Male,0,0,40,14751
22,Private,401690,Some-college,10,Never-married,Sales,Own-child,White,Female,0,0,20,14782
69,?,248248,1st-4th,2,Married-civ-spouse,?,Husband,Asian-Pac-Islander,Male,0,0,34,14906
29,Private,375078,7th-8th,4,Married-civ-spouse,Other-service,Wife,White,Female,0,0,40,14975
39,Private,409189,5th-6th,3,Married-civ-spouse,Other-service,Husband,White,Male,0,0,40,15049
27,Private,109611,9th,5,Married-civ-spouse,Machine-op-inspct,Wife,White,Female,0,0,37,15068
42,Self-emp-inc,125846,1st-4th,2,Married-civ-spouse,Sales,Husband,White,Male,0,0,60,15106
31,Private,186144,7th-8th,4,Never-married,Machine-op-inspct,Not-in-family,Other,Female,0,0,40,15106
31,Private,197252,7th-8th,4,Married-civ-spouse,Other-service,Husband,White,Male,0,0,40,15117
25,Private,458549,1st-4th,2,Married-civ-spouse,Farming-fishing,Husband,White,Male,0,0,96,15163
21,Private,195919,10th,6,Never-married,Handlers-cleaners,Not-in-family,Other,Male,0,0,40,15196
42,Private,210534,5th-6th,3,Separated,Adm-clerical,Other-relative,White,Male,0,0,40,15211
41,?,339682,5th-6th,3,Married-civ-spouse,?,Husband,White,Male,0,0,40,15220
20,Private,278391,Some-college,10,Never-married,Adm-clerical,Own-child,White,Male,0,0,25,15253
60,Private,532845,1st-4th,2,Married-civ-spouse,Craft-repair,Husband,White,Male,0,0,40,15293
26,Private,162312,Some-college,10,Never-married,Adm-clerical,Not-in-family,Asian-Pac-Islander,Male,0,0,20,15342
48,Private,377140,5th-6th,3,Never-married,Priv-house-serv,Unmarried,White,Female,0,0,35,15382
35,Private,187415,5th-6th,3,Married-civ-spouse,Machine-op-inspct,Husband,Asian-Pac-Islander,Male,0,0,50,15387
19,?,109938,11th,7,Married-civ-spouse,?,Wife,Asian-Pac-Islander,Female,0,0,40,15390
21,Private,211013,9th,5,Never-married,Other-service,Own-child,White,Female,0,0,50,15411
44,Private,210534,5th-6th,3,Married-civ-spouse,Handlers-cleaners,Husband,White,Male,0,0,40,15451
33,Private,224258,7th-8th,4,Never-married,Farming-fishing,Not-in-family,White,Male,0,0,40,15464
43,Private,350379,5th-6th,3,Divorced,Priv-house-serv,Unmarried,White,Female,0,0,40,15470
27,Private,283913,5th-6th,3,Never-married,Priv-house-serv,Not-in-family,White,Female,0,0,65,15484
23,Private,60668,10th,6,Married-civ-spouse,Craft-repair,Husband,White,Male,0,0,40,15541
17,Private,270942,HS-grad,9,Never-married,Other-service,Other-relative,White,Male,0,0,35,15591
33,Private,233107,9th,5,Married-civ-spouse,Craft-repair,Husband,White,Male,0,0,33,15645
38,Private,239397,7th-8th,4,Married-civ-spouse,Craft-repair,Husband,White,Male,0,0,36,15675
46,?,206357,5th-6th,3,Married-civ-spouse,?,Wife,White,Female,0,0,40,15686
28,Private,129460,9th,5,Never-married,Craft-repair,Not-in-family,White,Male,0,0,40,15689
28,?,149646,Some-college,10,Divorced,?,Own-child,White,Female,0,0,20,15730
23,Private,256211,Some-college,10,Never-married,Adm-clerical,Not-in-family,Asian-Pac-Islander,Male,0,0,24,15752
37,Private,238049,9th,5,Never-married,Priv-house-serv,Not-in-family,White,Female,0,0,30,15758
50,Private,275181,5th-6th,3,Divorced,Other-service,Not-in-family,White,Male,0,0,37,15788
51,Private,340588,1st-4th,2,Married-civ-spouse,Other-service,Husband,White,Male,0,0,54,15795
47,?,178013,10th,6,Married-civ-spouse,?,Wife,White,Female,0,0,20,15798
25,Private,250038,9th,5,Never-married,Farming-fishing,Other-relative,White,Male,0,0,45,15830
47,Private,274720,5th-6th,3,Married-civ-spouse,Other-service,Husband,Black,Male,0,0,40,15875
48,Private,208748,5th-6th,3,Divorced,Machine-op-inspct,Unmarried,Other,Female,0,0,40,15929
52,Private,177995,1st-4th,2,Married-civ-spouse,Farming-fishing,Husband,White,Male,0,0,56,15946
19,Private,286002,Some-college,10,Never-married,Adm-clerical,Other-relative,White,Male,0,0,30,15956
18,Private,252993,12th,8,Never-married,Handlers-cleaners,Own-child,White,Male,0,0,40,15973
32,Private,316470,5th-6th,3,Married-civ-spouse,Craft-repair,Husband,White,Male,0,0,60,16016
37,Private,405644,1st-4th,2,Married-spouse-absent,Farming-fishing,Other-relative,White,Male,0,0,77,16027
21,Private,213341,11th,7,Married-spouse-absent,Handlers-cleaners,Own-child,White,Male,0,1762,40,16053
39,Private,319248,10th,6,Never-married,Other-service,Unmarried,White,Female,0,0,25,16144
19,Private,125938,12th,8,Never-married,Other-service,Own-child,White,Male,0,0,40,16166
20,Private,219835,Some-college,10,Never-married,Sales,Own-child,White,Male,0,0,30,16190
25,Private,248990,10th,6,Married-civ-spouse,Machine-op-inspct,Husband,White,Male,0,0,40,16209
20,Private,298635,Some-college,10,Never-married,Sales,Own-child,Asian-Pac-Islander,Male,0,0,30,16269
34,Private,188736,HS-grad,9,Married-civ-spouse,Machine-op-inspct,Other-relative,Other,Female,0,0,20,16289
23,Private,176724,11th,7,Married-civ-spouse,Machine-op-inspct,Husband,White,Male,0,0,40,16577
52,Private,380633,5th-6th,3,Widowed,Other-service,Unmarried,White,Female,0,0,40,16581
42,?,167678,11th,7,Married-civ-spouse,?,Husband,White,Male,0,0,22,16614
20,Private,219266,HS-grad,9,Married-civ-spouse,Prof-specialty,Own-child,White,Female,0,0,36,16663
32,Private,328060,9th,5,Separated,Other-service,Unmarried,Other,Female,0,0,40,16688
27,Private,154210,11th,7,Married-spouse-absent,Sales,Own-child,Asian-Pac-Islander,Male,0,0,35,16734
67,Private,172756,1st-4th,2,Widowed,Machine-op-inspct,Not-in-family,White,Female,2062,0,34,16757
24,Private,182163,11th,7,Never-married,Adm-clerical,Not-in-family,White,Female,0,0,40,16862
26,State-gov,147719,Bachelors,13,Never-married,Prof-specialty,Not-in-family,Asian-Pac-Islander,Male,0,0,20,16888
28,Private,231197,10th,6,Married-spouse-absent,Craft-repair,Unmarried,White,Male,0,0,40,16911
56,Private,251836,5th-6th,3,Married-civ-spouse,Other-service,Husband,White,Male,0,0,40,16932
29,Private,46609,10th,6,Never-married,Craft-repair,Not-in-family,Black,Male,0,0,40,16967
27,Private,210313,HS-grad,9,Never-married,Handlers-cleaners,Other-relative,White,Male,0,0,28,16986
26,Private,272669,Bachelors,13,Never-married,Sales,Not-in-family,Asian-Pac-Islander,Male,0,0,20,17013
39,Private,252327,9th,5,Separated,Craft-repair,Own-child,White,Male,0,0,35,17042
33,Private,181091,10th,6,Divorced,Craft-repair,Not-in-family,White,Male,0,0,35,17076
66,Private,236784,Bachelors,13,Divorced,Prof-specialty,Unmarried,White,Female,0,0,8,17093
35,Private,167990,9th,5,Married-civ-spouse,Machine-op-inspct,Husband,White,Male,0,0,40,17128
25,Private,210095,11th,7,Married-spouse-absent,Handlers-cleaners,Not-in-family,White,Female,0,0,40,17170
29,Private,271579,10th,6,Never-married,Craft-repair,Not-in-family,White,Male,0,0,40,17192
35,Private,255635,9th,5,Married-civ-spouse,Craft-repair,Husband,Other,Male,0,0,40,17216
25,Private,280093,11th,7,Married-spouse-absent,Handlers-cleaners,Not-in-family,White,Male,0,0,40,17240
23,Private,380281,Assoc-acdm,12,Never-married,Other-service,Own-child,White,Male,0,0,25,17255
20,Private,100605,HS-grad,9,Never-married,Sales,Own-child,Other,Male,0,0,40,17261
35,Private,328466,9th,5,Married-civ-spouse,Other-service,Husband,White,Male,0,0,40,17288
19,Private,517036,HS-grad,9,Divorced,Craft-repair,Not-in-family,White,Female,0,0,40,17317
60,Private,188650,5th-6th,3,Married-civ-spouse,Sales,Husband,White,Male,0,0,40,17349
36,?,214896,9th,5,Divorced,?,Unmarried,White,Female,0,0,40,17375
36,Private,218948,9th,5,Separated,Other-service,Unmarried,Black,Female,0,0,40,17379
21,Private,265148,HS-grad,9,Never-married,Handlers-cleaners,Other-relative,White,Male,0,0,38,17409
46,Private,138370,7th-8th,4,Married-civ-spouse,Other-service,Husband,Asian-Pac-Islander,Male,0,1651,40,17458
37,Private,127918,Some-college,10,Never-married,Transport-moving,Unmarried,White,Female,0,0,20,17508
20,Private,379198,HS-grad,9,Never-married,Other-service,Other-relative,Other,Male,0,0,40,17539
47,Private,103020,7th-8th,4,Married-civ-spouse,Machine-op-inspct,Wife,Other,Female,0,0,40,17583
33,Private,209317,9th,5,Never-married,Other-service,Not-in-family,White,Male,0,0,45,17589
47,Self-emp-inc,119471,7th-8th,4,Never-married,Craft-repair,Not-in-family,Other,Male,0,0,40,17599
47,Private,146497,Some-college,10,Separated,Adm-clerical,Unmarried,White,Female,0,0,16,17650
21,Private,131620,HS-grad,9,Married-spouse-absent,Machine-op-inspct,Own-child,White,Female,0,0,40,17652
25,Private,190418,Some-college,10,Never-married,Other-service,Own-child,White,Male,0,0,30,17660
24,Private,140001,HS-grad,9,Never-married,Sales,Own-child,White,Male,0,0,35,17665
27,?,173800,Masters,14,Never-married,?,Unmarried,Asian-Pac-Islander,Male,0,0,20,17714
21,Private,213041,HS-grad,9,Never-married,Adm-clerical,Own-child,White,Female,0,0,40,17733
24,Private,110371,12th,8,Never-married,Machine-op-inspct,Unmarried,White,Male,0,0,40,17750
19,Self-emp-not-inc,194205,Some-college,10,Never-married,Other-service,Own-child,White,Female,0,0,40,17754
21,Private,409230,HS-grad,9,Never-married,Craft-repair,Not-in-family,White,Male,0,0,40,17929
27,Private,209292,HS-grad,9,Never-married,Sales,Other-relative,Black,Female,0,0,32,17953
22,Private,166371,HS-grad,9,Never-married,Other-service,Other-relative,White,Male,0,0,40,18046
40,Local-gov,183096,9th,5,Married-civ-spouse,Other-service,Wife,White,Female,0,0,40,18143
42,Private,143582,7th-8th,4,Married-civ-spouse,Other-service,Other-relative,Asian-Pac-Islander,Female,0,0,48,18160
25,Private,206600,12th,8,Married-civ-spouse,Machine-op-inspct,Husband,White,Male,0,0,40,18167
20,Private,215495,Some-college,10,Never-married,Adm-clerical,Own-child,White,Female,0,0,40,18175
41,Private,237452,Bachelors,13,Married-civ-spouse,Prof-specialty,Wife,White,Female,0,0,15,18217
21,Private,202570,12th,8,Never-married,Adm-clerical,Other-relative,Black,Male,0,0,48,18219
34,?,177304,10th,6,Divorced,?,Not-in-family,White,Male,0,0,40,18297
41,Private,145220,9th,5,Never-married,Priv-house-serv,Unmarried,White,Female,0,0,40,18305
41,?,217921,9th,5,Married-civ-spouse,?,Wife,Asian-Pac-Islander,Female,0,0,40,18378
23,Private,150463,HS-grad,9,Never-married,Priv-house-serv,Unmarried,Other,Female,0,0,40,18390
21,Private,152246,Some-college,10,Never-married,Handlers-cleaners,Own-child,Asian-Pac-Islander,Male,0,0,40,18512
21,?,162160,Some-college,10,Never-married,?,Own-child,Asian-Pac-Islander,Male,0,0,40,18522
61,Private,339358,5th-6th,3,Married-civ-spouse,Farming-fishing,Other-relative,White,Female,0,0,45,18529
22,Private,264738,HS-grad,9,Never-married,Exec-managerial,Other-relative,White,Female,0,0,42,18539
30,Private,190912,11th,7,Married-civ-spouse,Handlers-cleaners,Husband,Asian-Pac-Islander,Male,0,1651,40,18551
26,Private,292692,12th,8,Never-married,Craft-repair,Not-in-family,White,Male,0,0,40,18573
27,Private,113635,HS-grad,9,Never-married,Craft-repair,Not-in-family,White,Male,0,0,35,18584
31,?,251167,HS-grad,9,Married-civ-spouse,?,Wife,White,Female,0,0,30,18591
27,Private,160786,11th,7,Separated,Craft-repair,Not-in-family,White,Male,0,0,45,18621
24,Private,22201,HS-grad,9,Married-civ-spouse,Protective-serv,Husband,Asian-Pac-Islander,Male,0,0,40,18622
24,Private,197387,HS-grad,9,Never-married,Other-service,Own-child,White,Male,0,0,40,18797
22,State-gov,264102,Some-college,10,Never-married,Other-service,Other-relative,Black,Male,0,0,39,18805
31,Private,164870,11th,7,Married-civ-spouse,Craft-repair,Husband,White,Male,0,0,40,18805
29,Private,197932,Some-college,10,Separated,Priv-house-serv,Not-in-family,White,Female,0,0,30,18868
43,Private,339767,Some-college,10,Married-civ-spouse,Other-service,Wife,White,Female,0,0,20,18920
56,Private,73684,7th-8th,4,Married-civ-spouse,Craft-repair,Husband,White,Male,0,0,40,18994
22,Local-gov,244408,Some-college,10,Never-married,Adm-clerical,Not-in-family,Asian-Pac-Islander,Female,0,0,40,19004
25,Private,50053,HS-grad,9,Never-married,Other-service,Not-in-family,Black,Male,0,0,40,19010
24,?,412156,HS-grad,9,Married-civ-spouse,?,Wife,White,Female,0,0,40,19012
43,Private,483450,9th,5,Married-civ-spouse,Exec-managerial,Husband,White,Male,0,0,40,19043
55,?,316027,7th-8th,4,Married-civ-spouse,?,Husband,White,Male,0,0,40,19076
37,Private,239397,10th,6,Married-civ-spouse,Machine-op-inspct,Husband,White,Male,0,0,40,19079
28,Private,158737,12th,8,Married-civ-spouse,Machine-op-inspct,Other-relative,Other,Male,0,0,40,19079
45,Private,175262,9th,5,Married-civ-spouse,Handlers-cleaners,Husband,Asian-Pac-Islander,Male,0,0,40,19135
24,Private,604537,HS-grad,9,Never-married,Transport-moving,Unmarried,White,Male,0,0,40,19205
30,Private,243190,Prof-school,15,Married-civ-spouse,Prof-specialty,Husband,Asian-Pac-Islander,Male,0,0,20,19223
38,Private,197711,10th,6,Divorced,Machine-op-inspct,Not-in-family,Asian-Pac-Islander,Female,0,0,40,19278
25,Private,352806,HS-grad,9,Divorced,Other-service,Not-in-family,White,Female,0,0,40,19313
57,Self-emp-not-inc,275943,7th-8th,4,Married-civ-spouse,Prof-specialty,Husband,White,Male,0,0,40,19356
23,Private,215624,Some-college,10,Never-married,Machine-op-inspct,Unmarried,Asian-Pac-Islander,Male,0,0,40,19376
46,Private,216666,9th,5,Married-civ-spouse,Machine-op-inspct,Husband,White,Male,0,0,40,19377
25,Private,443855,HS-grad,9,Married-civ-spouse,Other-service,Husband,White,Male,0,0,40,19404
24,Local-gov,111450,10th,6,Never-married,Craft-repair,Unmarried,Black,Male,0,0,65,19406
44,Private,219441,10th,6,Never-married,Sales,Unmarried,Other,Female,0,0,35,19424
45,Self-emp-inc,120131,7th-8th,4,Married-civ-spouse,Exec-managerial,Husband,White,Male,0,0,52,19428
22,Local-gov,237811,Assoc-acdm,12,Never-married,Adm-clerical,Own-child,Black,Female,0,0,35,19443
26,Private,142081,HS-grad,9,Married-civ-spouse,Other-service,Wife,White,Female,0,0,40,19462
26,Private,157617,HS-grad,9,Married-civ-spouse,Craft-repair,Husband,White,Male,0,0,40,19478
58,Private,267663,7th-8th,4,Married-civ-spouse,Transport-moving,Husband,White,Male,0,0,40,19508
26,Self-emp-not-inc,200681,HS-grad,9,Married-civ-spouse,Exec-managerial,Husband,White,Male,0,0,40,19521
26,Private,213081,HS-grad,9,Never-married,Adm-clerical,Unmarried,Black,Female,0,0,40,19533
29,Private,439263,HS-grad,9,Married-civ-spouse,Protective-serv,Husband,White,Male,0,0,35,19539
26,Private,248990,HS-grad,9,Married-civ-spouse,Craft-repair,Husband,White,Male,0,0,40,19569
34,Private,420749,HS-grad,9,Married-civ-spouse,Craft-repair,Husband,White,Male,0,0,30,19571
59,Private,236731,7th-8th,4,Married-civ-spouse,Protective-serv,Husband,White,Male,0,0,40,19637
30,Private,227886,HS-grad,9,Never-married,Exec-managerial,Own-child,Black,Female,0,0,35,19643
42,Self-emp-not-inc,217826,HS-grad,9,Married-civ-spouse,Craft-repair,Husband,Black,Male,0,0,25,19643
34,Private,609789,HS-grad,9,Married-civ-spouse,Other-service,Husband,White,Male,0,0,30,19760
27,Private,150025,HS-grad,9,Never-married,Sales,Not-in-family,White,Male,0,0,40,19830
27,Private,167405,HS-grad,9,Married-spouse-absent,Farming-fishing,Own-child,White,Female,0,0,40,19847
61,Private,195595,7th-8th,4,Married-spouse-absent,Machine-op-inspct,Not-in-family,White,Male,0,0,40,19916
29,Private,253799,12th,8,Never-married,Exec-managerial,Not-in-family,White,Male,0,0,42,19956
27,Private,293828,HS-grad,9,Never-married,Other-service,Not-in-family,Black,Female,0,0,40,19974
44,Local-gov,135056,Masters,14,Divorced,Prof-specialty,Unmarried,White,Female,0,0,16,19975
27,Private,405765,HS-grad,9,Married-civ-spouse,Craft-repair,Husband,White,Male,0,0,40,20086
24,Private,440138,HS-grad,9,Never-married,Priv-house-serv,Not-in-family,White,Female,0,0,45,20115
25,Private,160261,Some-college,10,Never-married,Exec-managerial,Own-child,Asian-Pac-Islander,Male,0,0,40,20120
63,Private,84737,7th-8th,4,Married-civ-spouse,Other-service,Husband,Asian-Pac-Islander,Male,0,0,40,20125
56,Private,99894,10th,6,Married-civ-spouse,Sales,Wife,Asian-Pac-Islander,Female,0,0,30,20150
25,Private,190628,Some-college,10,Married-civ-spouse,Craft-repair,Husband,White,Male,0,0,40,20151
21,Private,129674,Some-college,10,Never-married,Exec-managerial,Not-in-family,Black,Male,0,0,48,20162
28,Private,149769,HS-grad,9,Never-married,Machine-op-inspct,Not-in-family,Asian-Pac-Islander,Male,0,0,40,20190
28,Private,160731,HS-grad,9,Married-civ-spouse,Craft-repair,Husband,White,Male,0,0,40,20201
28,Private,315287,HS-grad,9,Never-married,Adm-clerical,Other-relative,Black,Male,0,0,40,20355
28,Private,375313,HS-grad,9,Married-civ-spouse,Machine-op-inspct,Husband,Asian-Pac-Islander,Male,0,0,40,20415
29,Private,89813,HS-grad,9,Married-civ-spouse,Machine-op-inspct,Wife,White,Female,0,0,40,20490
29,?,108775,HS-grad,9,Married-civ-spouse,?,Husband,White,Male,0,0,40,20509
26,Private,162302,Some-college,10,Never-married,Machine-op-inspct,Not-in-family,Asian-Pac-Islander,Male,0,0,40,20522
29,Private,186624,HS-grad,9,Married-civ-spouse,Other-service,Wife,White,Female,0,0,40,20587
29,Private,197932,HS-grad,9,Married-civ-spouse,Handlers-cleaners,Wife,White,Female,0,0,40,20598
26,Private,245628,Some-college,10,Never-married,Adm-clerical,Other-relative,White,Male,0,0,40,20606
22,Private,119592,Assoc-acdm,12,Never-married,Handlers-cleaners,Not-in-family,Black,Male,0,2824,40,20640
27,Private,34273,Assoc-voc,11,Never-married,Prof-specialty,Not-in-family,White,Female,0,1876,36,20690
29,Private,320451,HS-grad,9,Never-married,Protective-serv,Not-in-family,Asian-Pac-Islander,Male,0,0,40,20720
59,Self-emp-not-inc,199240,HS-grad,9,Divorced,Prof-specialty,Not-in-family,White,Male,0,0,20,20799
24,Private,82847,HS-grad,9,Separated,Other-service,Unmarried,White,Female,0,0,50,20833
40,Private,73025,HS-grad,9,Married-civ-spouse,Other-service,Husband,Asian-Pac-Islander,Male,0,0,30,20843
30,Private,95299,HS-grad,9,Married-civ-spouse,Machine-op-inspct,Husband,Asian-Pac-Islander,Male,0,0,40,20855
45,Private,101656,10th,6,Never-married,Machine-op-inspct,Not-in-family,Asian-Pac-Islander,Male,0,0,40,20862
33,Private,214635,HS-grad,9,Married-civ-spouse,Other-service,Husband,Black,Male,0,0,36,20871
30,Private,144593,HS-grad,9,Never-married,Other-service,Not-in-family,Black,Male,0,0,40,20905
30,Private,144593,HS-grad,9,Never-married,Other-service,Not-in-family,Black,Male,0,0,40,20905
30,Private,159442,HS-grad,9,Never-married,Other-service,Not-in-family,White,Female,0,0,40,20919
30,Private,243841,HS-grad,9,Divorced,Other-service,Other-relative,Asian-Pac-Islander,Female,0,0,40,21004
27,State-gov,271243,Some-college,10,Divorced,Adm-clerical,Unmarried,Black,Male,0,0,40,21031
34,Private,202498,12th,8,Married-civ-spouse,Other-service,Husband,White,Male,0,0,40,21042
21,Private,162667,Bachelors,13,Never-married,Adm-clerical,Not-in-family,White,Male,0,0,40,21043
28,Self-emp-not-inc,104617,7th-8th,4,Never-married,Other-service,Other-relative,White,Female,0,0,99,21094
35,Self-emp-not-inc,112497,HS-grad,9,Married-civ-spouse,Craft-repair,Other-relative,White,Male,0,0,35,21102
35,Private,155961,HS-grad,9,Never-married,Other-service,Own-child,Black,Female,0,0,35,21146
55,Private,240988,9th,5,Married-civ-spouse,Machine-op-inspct,Other-relative,Asian-Pac-Islander,Male,0,0,40,21201
23,Private,259109,Assoc-acdm,12,Married-civ-spouse,Other-service,Wife,White,Female,0,0,40,21259
31,Private,185480,HS-grad,9,Married-civ-spouse,Adm-clerical,Wife,White,Female,0,0,40,21305
28,Private,221317,Some-college,10,Married-civ-spouse,Handlers-cleaners,Husband,White,Male,0,0,40,21381
33,Private,183845,HS-grad,9,Married-civ-spouse,Other-service,Wife,White,Female,0,0,38,21432
29,Local-gov,376302,Assoc-voc,11,Married-civ-spouse,Tech-support,Wife,White,Female,0,0,35,21506
32,Private,164507,HS-grad,9,Never-married,Handlers-cleaners,Not-in-family,White,Male,0,0,40,21645
32,Private,167106,HS-grad,9,Married-civ-spouse,Sales,Husband,Asian-Pac-Islander,Male,0,0,40,21647
36,Private,177907,Bachelors,13,Never-married,Other-service,Not-in-family,White,Male,2176,0,20,21694
53,Private,195813,5th-6th,3,Married-civ-spouse,Craft-repair,Husband,Other,Male,5178,0,40,21694
32,Private,226883,HS-grad,9,Married-civ-spouse,Craft-repair,Husband,White,Male,0,0,40,21707
36,Self-emp-not-inc,405644,HS-grad,9,Married-civ-spouse,Craft-repair,Husband,White,Male,0,0,35,21711
56,Private,195668,10th,6,Married-civ-spouse,Other-service,Husband,White,Male,0,0,35,21921
33,Private,137310,HS-grad,9,Never-married,Machine-op-inspct,Own-child,White,Female,0,0,40,21977
59,Private,230899,9th,5,Separated,Machine-op-inspct,Unmarried,White,Female,0,0,40,21991
30,Private,102821,Some-college,10,Married-civ-spouse,Craft-repair,Not-in-family,White,Male,0,0,40,22063
26,Private,285004,Bachelors,13,Never-married,Exec-managerial,Not-in-family,Asian-Pac-Islander,Male,0,0,35,22080
30,Self-emp-inc,173858,Some-college,10,Married-civ-spouse,Exec-managerial,Husband,Asian-Pac-Islander,Male,0,1902,40,22134
30,Private,180656,Some-college,10,Married-spouse-absent,Craft-repair,Not-in-family,White,Male,0,0,40,22141
33,Private,315143,HS-grad,9,Married-civ-spouse,Sales,Husband,White,Male,0,0,40,22155
30,Private,234919,Some-college,10,Never-married,Sales,Own-child,White,Female,0,0,40,22195
23,Private,306601,Bachelors,13,Never-married,Craft-repair,Not-in-family,Amer-Indian-Eskimo,Male,0,0,40,22227
25,Private,120238,11th,7,Married-civ-spouse,Transport-moving,Husband,White,Male,5178,0,40,22258
58,Self-emp-not-inc,147653,10th,6,Married-civ-spouse,Craft-repair,Wife,White,Female,0,1977,35,22293
27,Private,210313,HS-grad,9,Married-civ-spouse,Sales,Husband,White,Male,0,0,50,22310
25,Private,374163,12th,8,Married-civ-spouse,Farming-fishing,Husband,Other,Male,0,0,60,22314
27,Private,292472,Some-college,10,Never-married,Craft-repair,Not-in-family,Asian-Pac-Islander,Male,0,1876,45,22397
34,Private,226629,HS-grad,9,Never-married,Priv-house-serv,Not-in-family,White,Female,0,0,40,22427
27,?,251854,Bachelors,13,Married-civ-spouse,?,Wife,Black,Female,0,0,35,22502
34,Private,324654,HS-grad,9,Never-married,Machine-op-inspct,Own-child,Asian-Pac-Islander,Male,0,0,40,22525
32,Private,440129,Some-college,10,Married-civ-spouse,Handlers-cleaners,Husband,White,Male,0,0,38,22562
31,Private,217962,Some-college,10,Never-married,Protective-serv,Other-relative,Black,Male,0,0,40,22578
31,Private,227446,Some-college,10,Married-civ-spouse,Exec-managerial,Husband,White,Male,0,0,40,22587
24,Private,210781,Bachelors,13,Never-married,Priv-house-serv,Not-in-family,White,Female,0,0,40,22651
24,Private,281221,Bachelors,13,Never-married,Adm-clerical,Other-relative,Asian-Pac-Islander,Female,0,0,40,22721
27,Private,165365,HS-grad,9,Married-civ-spouse,Machine-op-inspct,Husband,Asian-Pac-Islander,Male,2885,0,40,22730
28,Self-emp-not-inc,183523,HS-grad,9,Married-civ-spouse,Craft-repair,Husband,White,Male,0,0,50,22734
27,Private,133929,Bachelors,13,Never-married,Prof-specialty,Unmarried,White,Female,0,0,36,22734
37,Private,118681,HS-grad,9,Never-married,Machine-op-inspct,Not-in-family,White,Male,0,0,38,22735
50,Self-emp-inc,201689,7th-8th,4,Married-civ-spouse,Craft-repair,Husband,White,Male,0,1977,63,22739
28,Private,197113,HS-grad,9,Never-married,Machine-op-inspct,Own-child,Other,Male,0,0,50,22747
35,Private,214891,HS-grad,9,Married-civ-spouse,Transport-moving,Husband,Other,Male,0,0,40,22775
32,Private,27882,Some-college,10,Never-married,Machine-op-inspct,Other-relative,White,Female,0,2205,40,22788
31,Private,446358,Some-college,10,Married-civ-spouse,Machine-op-inspct,Husband,White,Male,0,0,40,22806
39,Local-gov,423605,12th,8,Married-civ-spouse,Transport-moving,Husband,White,Male,0,1848,40,22864
44,Private,232421,HS-grad,9,Married-spouse-absent,Transport-moving,Not-in-family,Other,Male,0,0,32,22872
32,Private,154571,Some-college,10,Never-married,Other-service,Other-relative,Asian-Pac-Islander,Male,0,0,40,22915
27,State-gov,21306,Assoc-acdm,12,Never-married,Adm-clerical,Not-in-family,White,Female,0,0,40,22941
31,Private,591711,Some-college,10,Married-spouse-absent,Transport-moving,Not-in-family,Black,Male,0,0,40,22952
40,Private,236110,12th,8,Married-civ-spouse,Prof-specialty,Husband,White,Male,0,0,40,22996
28,Private,222442,HS-grad,9,Married-civ-spouse,Sales,Husband,White,Male,0,0,51,23023
26,Local-gov,220656,Bachelors,13,Never-married,Prof-specialty,Own-child,Black,Male,0,0,38,23027
36,Local-gov,130620,HS-grad,9,Married-civ-spouse,Adm-clerical,Wife,Asian-Pac-Islander,Female,0,0,40,23051
29,Private,54411,HS-grad,9,Never-married,Farming-fishing,Not-in-family,White,Male,0,0,50,23054
22,Private,253799,Bachelors,13,Married-civ-spouse,Machine-op-inspct,Husband,White,Male,0,0,45,23079
36,Private,162651,HS-grad,9,Separated,Adm-clerical,Not-in-family,White,Male,0,0,40,23083
31,Private,121768,Assoc-acdm,12,Divorced,Adm-clerical,Unmarried,White,Female,0,0,35,23107
25,Private,164488,Bachelors,13,Married-civ-spouse,Prof-specialty,Husband,White,Male,0,0,40,23124
30,Private,609789,11th,7,Married-civ-spouse,Farming-fishing,Husband,White,Male,0,0,60,23150
25,Private,190650,Bachelors,13,Never-married,Prof-specialty,Own-child,Asian-Pac-Islander,Male,0,0,40,23151
41,?,77937,12th,8,Divorced,?,Not-in-family,White,Female,0,0,40,23158
48,Self-emp-not-inc,247294,HS-grad,9,Married-civ-spouse,Craft-repair,Husband,White,Male,0,0,30,23.177
25,Local-gov,244408,Bachelors,13,Never-married,Tech-support,Unmarried,Asian-Pac-Islander,Female,0,0,40,23204
29,Private,106179,Bachelors,13,Never-married,Adm-clerical,Not-in-family,White,Female,0,0,35,23266
41,Private,203943,12th,8,Married-civ-spouse,Protective-serv,Husband,Black,Male,0,0,40,23284
26,Private,358975,Some-college,10,Never-married,Priv-house-serv,Not-in-family,White,Female,0,0,50,23309
26,Private,359327,Some-college,10,Married-civ-spouse,Sales,Husband,White,Male,0,0,50,23309
47,Private,209212,9th,5,Married-civ-spouse,Machine-op-inspct,Husband,Black,Male,0,0,56,23313
37,Federal-gov,32528,HS-grad,9,Married-civ-spouse,Adm-clerical,Husband,White,Male,0,0,40,23313
29,Self-emp-not-inc,341672,HS-grad,9,Married-spouse-absent,Transport-moving,Other-relative,Asian-Pac-Islander,Male,0,1564,50,23342
42,Private,157367,HS-grad,9,Never-married,Adm-clerical,Unmarried,Black,Female,0,0,35,23352
44,Private,225879,Some-college,10,Married-civ-spouse,Adm-clerical,Wife,Other,Female,0,0,30,23396
33,Private,267859,Some-college,10,Married-civ-spouse,Exec-managerial,Husband,White,Male,0,0,40,23428
25,Private,31350,HS-grad,9,Never-married,Handlers-cleaners,Not-in-family,White,Male,0,0,60,23471
37,Private,220314,HS-grad,9,Divorced,Adm-clerical,Unmarried,White,Female,0,0,40,23500
37,Private,245482,HS-grad,9,Married-civ-spouse,Transport-moving,Husband,Asian-Pac-Islander,Male,0,0,40,23525
26,Private,71009,Bachelors,13,Never-married,Prof-specialty,Not-in-family,Asian-Pac-Islander,Female,0,0,40,23551
64,Self-emp-not-inc,192695,5th-6th,3,Married-civ-spouse,Farming-fishing,Husband,White,Male,0,0,70,23563
34,Private,69251,Some-college,10,Married-civ-spouse,Other-service,Husband,Asian-Pac-Islander,Male,0,0,40,23629
34,Private,103408,Some-college,10,Divorced,Prof-specialty,Not-in-family,Black,Male,0,0,40,23663
26,Private,206600,Bachelors,13,Never-married,Craft-repair,Own-child,White,Male,0,0,40,23687
28,Local-gov,336543,Assoc-acdm,12,Married-civ-spouse,Protective-serv,Husband,Asian-Pac-Islander,Male,0,0,40,23737
31,Private,247444,Assoc-voc,11,Married-civ-spouse,Machine-op-inspct,Husband,White,Male,0,0,40,23847
34,Private,295922,Some-college,10,Never-married,Machine-op-inspct,Not-in-family,White,Male,0,0,40,23856
34,Private,300681,Some-college,10,Married-civ-spouse,Prof-specialty,Husband,Black,Male,0,0,40,23861
48,Private,169324,HS-grad,9,Never-married,Other-service,Unmarried,Black,Female,0,0,32,23961
38,Local-gov,329980,HS-grad,9,Never-married,Craft-repair,Not-in-family,White,Male,0,1876,40,23970
39,Private,59313,12th,8,Married-spouse-absent,Transport-moving,Not-in-family,Black,Male,0,0,45,24054
27,Private,74883,Bachelors,13,Never-married,Tech-support,Not-in-family,Asian-Pac-Islander,Female,0,0,40,24075
28,Self-emp-not-inc,155621,Some-college,10,Never-married,Craft-repair,Own-child,White,Male,0,0,50,24106
39,Private,137522,HS-grad,9,Married-civ-spouse,Machine-op-inspct,Husband,Asian-Pac-Islander,Male,0,0,40,24138
35,?,195946,Some-college,10,Married-civ-spouse,?,Husband,Asian-Pac-Islander,Male,0,0,40,24156
30,Private,154568,Bachelors,13,Married-civ-spouse,Craft-repair,Husband,Asian-Pac-Islander,Male,0,0,36,24159
31,Private,123430,11th,7,Married-civ-spouse,Farming-fishing,Husband,White,Male,0,0,65,24163
54,Private,284952,10th,6,Separated,Sales,Unmarried,White,Female,0,0,43,24174
27,Private,199314,Bachelors,13,Never-married,Adm-clerical,Not-in-family,White,Male,0,0,40,24199
35,Private,243409,Some-college,10,Married-civ-spouse,Transport-moving,Husband,White,Male,0,0,40,24203
27,Private,207352,Bachelors,13,Married-civ-spouse,Tech-support,Husband,Asian-Pac-Islander,Male,0,0,40,24207
25,Private,250038,Masters,14,Married-civ-spouse,Machine-op-inspct,Not-in-family,White,Male,0,0,40,24210
27,Private,221436,Bachelors,13,Married-civ-spouse,Adm-clerical,Wife,White,Female,0,0,40,24221
32,Private,279231,Assoc-voc,11,Married-civ-spouse,Adm-clerical,Husband,White,Male,0,0,40,24319
48,Private,204990,HS-grad,9,Never-married,Tech-support,Unmarried,Black,Female,0,0,33,24428
36,Private,152621,Some-college,10,Married-civ-spouse,Craft-repair,Husband,White,Male,0,0,40,24513
33,Private,69251,Assoc-voc,11,Never-married,Sales,Own-child,Asian-Pac-Islander,Male,0,0,40,24549
35,Private,126675,HS-grad,9,Divorced,Craft-repair,Not-in-family,White,Male,0,0,46,24571
40,Private,223548,HS-grad,9,Married-civ-spouse,Adm-clerical,Husband,White,Male,0,0,40,24584
33,?,160776,Assoc-voc,11,Divorced,?,Not-in-family,White,Female,0,0,40,24641
32,Private,118551,Bachelors,13,Married-civ-spouse,Adm-clerical,Wife,White,Female,0,0,35,24644
52,Private,137658,11th,7,Married-civ-spouse,Machine-op-inspct,Husband,Other,Male,0,0,40,24658
28,Private,168901,Bachelors,13,Married-civ-spouse,Prof-specialty,Husband,Asian-Pac-Islander,Male,0,0,40,24689
33,Private,215306,Assoc-voc,11,Never-married,Other-service,Not-in-family,White,Male,0,0,40,24695
36,State-gov,137421,Assoc-voc,11,Married-civ-spouse,Tech-support,Husband,Asian-Pac-Islander,Male,0,0,37,24752
53,Self-emp-not-inc,145419,1st-4th,2,Married-civ-spouse,Exec-managerial,Husband,White,Male,7688,0,67,24868
41,Private,149102,HS-grad,9,Never-married,Transport-moving,Not-in-family,White,Male,0,0,40,24869
42,Private,157443,Bachelors,13,Married-civ-spouse,Prof-specialty,Wife,Asian-Pac-Islander,Female,0,0,27,24872
31,Private,409622,Bachelors,13,Married-civ-spouse,Machine-op-inspct,Husband,Other,Male,0,0,36,24882
41,Private,173858,HS-grad,9,Married-civ-spouse,Other-service,Husband,Asian-Pac-Islander,Male,0,0,40,24894
37,Private,140713,Some-college,10,Married-civ-spouse,Adm-clerical,Husband,Black,Male,0,0,40,24901
41,Private,190885,HS-grad,9,Divorced,Priv-house-serv,Not-in-family,White,Female,0,0,40,24911
33,Private,160216,Masters,14,Never-married,Exec-managerial,Not-in-family,White,Female,0,0,32,24912
44,Private,182629,Masters,14,Divorced,Sales,Not-in-family,White,Male,0,0,24,24943
37,Federal-gov,188069,Some-college,10,Married-civ-spouse,Adm-clerical,Husband,White,Male,0,0,40,24948
36,Private,41624,10th,6,Married-civ-spouse,Craft-repair,Husband,White,Male,0,0,70,25092
23,Private,151888,HS-grad,9,Divorced,Craft-repair,Not-in-family,White,Male,4650,0,50,25102
36,Private,181589,Bachelors,13,Never-married,Adm-clerical,Not-in-family,White,Female,0,0,32,25126
33,Private,165235,Bachelors,13,Never-married,Other-service,Not-in-family,Asian-Pac-Islander,Female,0,0,35,25145
38,Private,89559,Some-college,10,Separated,Prof-specialty,Unmarried,White,Female,0,0,40,25250
26,Private,147821,Bachelors,13,Never-married,Sales,Own-child,White,Female,0,0,45,25313
42,Private,236021,HS-grad,9,Married-civ-spouse,Craft-repair,Husband,White,Male,0,0,40,25316
54,Private,257869,Some-college,10,Separated,Other-service,Not-in-family,White,Male,0,0,28,25350
27,Private,298635,Masters,14,Married-civ-spouse,Prof-specialty,Husband,Asian-Pac-Islander,Male,0,0,40,25379
42,Private,345363,HS-grad,9,Divorced,Exec-managerial,Not-in-family,White,Female,0,0,40,25425
57,Private,143030,HS-grad,9,Widowed,Other-service,Unmarried,White,Female,0,0,30,25503
32,Private,185027,Assoc-acdm,12,Married-civ-spouse,Craft-repair,Husband,White,Male,0,1887,40,25505
43,Private,96483,HS-grad,9,Divorced,Other-service,Own-child,Asian-Pac-Islander,Female,0,0,40,25536
32,Private,94041,Assoc-voc,11,Never-married,Craft-repair,Not-in-family,White,Male,0,0,44,25538
39,Private,24106,Some-college,10,Married-civ-spouse,Sales,Husband,White,Male,0,0,40,25584
43,Local-gov,144778,HS-grad,9,Married-civ-spouse,Exec-managerial,Husband,White,Male,0,0,40,25585
30,?,33811,Bachelors,13,Married-civ-spouse,?,Wife,Other,Female,0,0,40,25594
30,Private,36383,Bachelors,13,Married-civ-spouse,Sales,Husband,White,Male,0,0,40,25596
39,Private,70240,Some-college,10,Married-civ-spouse,Sales,Wife,Asian-Pac-Islander,Female,0,0,40,25630
34,Self-emp-not-inc,213226,Bachelors,13,Married-civ-spouse,Exec-managerial,Husband,White,Male,0,1485,35,25648
43,Private,234220,HS-grad,9,Divorced,Machine-op-inspct,Own-child,White,Female,0,0,40,25674
30,Private,119164,Bachelors,13,Never-married,Other-service,Unmarried,White,Male,0,0,40,25679
43,Private,298161,HS-grad,9,Married-civ-spouse,Machine-op-inspct,Wife,White,Female,0,0,40,25738
40,Private,179666,Bachelors,13,Never-married,Exec-managerial,Not-in-family,White,Male,0,0,30,25750
39,Private,279490,Some-college,10,Divorced,Exec-managerial,Unmarried,White,Female,0,0,40,25839
30,Private,328242,Bachelors,13,Married-civ-spouse,Exec-managerial,Husband,Asian-Pac-Islander,Male,0,0,40,25888
44,Private,124924,HS-grad,9,Married-civ-spouse,Exec-managerial,Husband,White,Male,0,0,40,25925
44,Private,159297,HS-grad,9,Married-civ-spouse,Exec-managerial,Wife,Asian-Pac-Islander,Female,0,0,40,25959
44,Private,172475,HS-grad,9,Divorced,Adm-clerical,Not-in-family,Asian-Pac-Islander,Female,0,0,40,25972
44,Private,187584,HS-grad,9,Married-civ-spouse,Protective-serv,Husband,White,Male,0,0,40,25988
44,Private,249332,HS-grad,9,Married-civ-spouse,Transport-moving,Husband,White,Male,0,0,40,26049
57,Private,171242,11th,7,Married-spouse-absent,Craft-repair,Not-in-family,White,Male,0,0,40,26091
50,Private,135339,12th,8,Married-civ-spouse,Sales,Husband,Asian-Pac-Islander,Male,0,0,40,26095
32,Local-gov,177566,Some-college,10,Married-spouse-absent,Prof-specialty,Not-in-family,White,Male,0,0,50,26128
40,Private,182217,Some-college,10,Married-civ-spouse,Other-service,Wife,White,Female,0,0,40,26142
40,Private,188942,Some-college,10,Married-civ-spouse,Sales,Wife,Black,Female,0,0,40,26149
40,Private,29927,HS-grad,9,Divorced,Adm-clerical,Unmarried,White,Female,0,0,45,26185
40,Self-emp-not-inc,45093,HS-grad,9,Divorced,Craft-repair,Not-in-family,White,Male,0,0,45,26200
45,Private,81132,HS-grad,9,Married-civ-spouse,Other-service,Husband,Asian-Pac-Islander,Male,0,0,40,26241
31,?,182191,Bachelors,13,Married-civ-spouse,?,Wife,White,Female,4064,0,30,26306
45,Private,160724,HS-grad,9,Married-civ-spouse,Craft-repair,Husband,Asian-Pac-Islander,Male,0,0,40,26321
29,Private,162551,Masters,14,Married-civ-spouse,Prof-specialty,Wife,Asian-Pac-Islander,Female,0,0,40,26363
41,Private,183105,HS-grad,9,Separated,Machine-op-inspct,Unmarried,White,Female,0,0,44,26375
29,Private,205249,Masters,14,Married-civ-spouse,Exec-managerial,Husband,Asian-Pac-Islander,Male,0,0,40,26405
60,Private,276009,HS-grad,9,Married-civ-spouse,Other-service,Husband,Asian-Pac-Islander,Male,0,0,30,26446
45,Private,293691,HS-grad,9,Divorced,Adm-clerical,Not-in-family,Asian-Pac-Islander,Female,0,1590,40,26454
36,Private,130620,Bachelors,13,Married-civ-spouse,Prof-specialty,Wife,Asian-Pac-Islander,Female,0,0,35,26476
39,Private,216129,Assoc-acdm,12,Divorced,Exec-managerial,Unmarried,Black,Female,0,0,35,26561
48,Private,224870,HS-grad,9,Divorced,Machine-op-inspct,Other-relative,Other,Female,0,0,38,26603
46,Private,126513,HS-grad,9,Separated,Craft-repair,Unmarried,Black,Female,0,0,40,26647
32,Self-emp-not-inc,62165,Bachelors,13,Married-civ-spouse,Exec-managerial,Husband,Black,Male,0,0,40,26662
46,?,148489,HS-grad,9,Married-spouse-absent,?,Not-in-family,Asian-Pac-Islander,Male,0,0,40,26668
46,Self-emp-inc,175958,12th,8,Married-civ-spouse,Craft-repair,Husband,White,Male,0,0,45,26691
36,Local-gov,380614,Bachelors,13,Married-civ-spouse,Adm-clerical,Wife,White,Female,0,0,35,26726
41,Private,185145,HS-grad,9,Married-civ-spouse,Tech-support,Husband,White,Male,0,0,45,26745
44,Self-emp-not-inc,156687,HS-grad,9,Married-civ-spouse,Farming-fishing,Husband,Asian-Pac-Islander,Male,0,0,42,26747
38,Private,220237,Assoc-voc,11,Married-civ-spouse,Craft-repair,Husband,White,Male,0,0,40,26900
42,Private,208875,Some-college,10,Married-civ-spouse,Exec-managerial,Wife,White,Female,0,0,40,26969
47,Private,145041,HS-grad,9,Married-civ-spouse,Machine-op-inspct,Husband,White,Male,0,0,40,27025
47,Private,151087,HS-grad,9,Separated,Prof-specialty,Other-relative,Other,Female,0,0,40,27031
26,Private,239303,Bachelors,13,Married-civ-spouse,Prof-specialty,Husband,White,Male,0,0,50,27089
41,Private,204682,HS-grad,9,Divorced,Craft-repair,Unmarried,White,Male,2174,0,40,27099
47,Federal-gov,229646,HS-grad,9,Married-spouse-absent,Adm-clerical,Not-in-family,Black,Female,0,0,40,27110
24,Private,43387,Bachelors,13,Married-civ-spouse,Exec-managerial,Husband,White,Male,0,0,55,27148
33,Private,35309,Bachelors,13,Never-married,Exec-managerial,Not-in-family,Asian-Pac-Islander,Male,0,0,40,27155
27,Federal-gov,196386,Assoc-acdm,12,Married-civ-spouse,Adm-clerical,Husband,White,Male,4064,0,40,27180
39,Private,89419,Assoc-voc,11,Divorced,Other-service,Not-in-family,Amer-Indian-Eskimo,Female,0,0,40,27209
47,Private,343579,HS-grad,9,Married-civ-spouse,Other-service,Husband,White,Male,0,0,40,27224
33,?,152875,Bachelors,13,Married-civ-spouse,?,Wife,Asian-Pac-Islander,Female,0,0,40,27273
37,Private,196529,Some-college,10,Widowed,Other-service,Not-in-family,White,Female,2354,0,40,27311
48,Private,73434,HS-grad,9,Married-civ-spouse,Adm-clerical,Wife,White,Female,0,0,40,27313
43,Private,183765,Some-college,10,Divorced,Tech-support,Not-in-family,White,Male,0,0,40,27344
29,Private,163003,Bachelors,13,Never-married,Adm-clerical,Own-child,Asian-Pac-Islander,Female,2202,0,40,27405
61,Private,159822,7th-8th,4,Married-civ-spouse,Craft-repair,Husband,White,Male,7688,0,40,27568
30,Private,75573,Bachelors,13,Never-married,Exec-managerial,Not-in-family,White,Female,0,0,45,27581
34,Self-emp-not-inc,213887,Doctorate,16,Married-civ-spouse,Prof-specialty,Husband,White,Male,0,0,32,27590
49,Private,169042,HS-grad,9,Separated,Prof-specialty,Unmarried,White,Female,0,625,40,27769
49,?,296892,HS-grad,9,Married-civ-spouse,?,Husband,White,Male,0,0,40,27897
37,Local-gov,191364,Assoc-acdm,12,Married-civ-spouse,Exec-managerial,Husband,White,Male,0,0,40,27911
32,Private,31740,Masters,14,Married-civ-spouse,Prof-specialty,Husband,Asian-Pac-Islander,Male,0,0,40,27912
28,Private,319768,Masters,14,Married-civ-spouse,Sales,Husband,White,Male,0,0,45,27915
34,Private,303187,Bachelors,13,Married-civ-spouse,Prof-specialty,Husband,Asian-Pac-Islander,Male,0,0,40,27943
47,?,109832,HS-grad,9,Married-civ-spouse,?,Husband,White,Male,5178,0,30,27948
34,Private,345360,Bachelors,13,Married-civ-spouse,Tech-support,Husband,White,Male,0,0,40,27985
45,Private,47314,Some-college,10,Married-civ-spouse,Craft-repair,Husband,White,Male,0,1902,40,28007
45,Federal-gov,81487,Some-college,10,Married-civ-spouse,Adm-clerical,Husband,White,Male,0,0,40,28041
32,Local-gov,190889,Masters,14,Never-married,Prof-specialty,Not-in-family,Other,Female,0,0,40,28071
45,Self-emp-inc,121836,Some-college,10,Married-civ-spouse,Prof-specialty,Wife,White,Female,0,0,40,28082
50,Private,124094,HS-grad,9,Married-civ-spouse,Craft-repair,Husband,White,Male,0,0,40,28084
50,Private,174102,HS-grad,9,Divorced,Craft-repair,Own-child,White,Male,0,0,40,28134
45,Private,217654,Some-college,10,Married-civ-spouse,Handlers-cleaners,Husband,White,Male,0,0,40,28178
41,Private,185057,Assoc-voc,11,Never-married,Craft-repair,Not-in-family,White,Female,0,0,40,28185
38,Private,99388,Assoc-acdm,12,Married-civ-spouse,Other-service,Husband,White,Male,0,0,40,28299
35,Private,143589,Bachelors,13,Married-spouse-absent,Prof-specialty,Not-in-family,Asian-Pac-Islander,Female,0,0,40,28304
31,Private,319146,Assoc-voc,11,Married-civ-spouse,Craft-repair,Husband,White,Male,4386,0,40,28305
35,Private,160120,Bachelors,13,Married-civ-spouse,Adm-clerical,Husband,Asian-Pac-Islander,Male,0,0,40,28320
35,Private,193961,Bachelors,13,Married-civ-spouse,Prof-specialty,Husband,Asian-Pac-Islander,Male,0,0,40,28354
35,Private,202397,Bachelors,13,Married-civ-spouse,Craft-repair,Husband,Asian-Pac-Islander,Male,0,0,40,28362
35,Private,186126,Masters,14,Married-civ-spouse,Prof-specialty,Husband,White,Male,0,0,38,28768
39,Private,115289,Assoc-acdm,12,Married-civ-spouse,Tech-support,Husband,White,Male,0,0,40,28795
52,Private,126978,HS-grad,9,Married-civ-spouse,Machine-op-inspct,Wife,Asian-Pac-Islander,Female,0,0,40,28807
34,Private,220631,Assoc-voc,11,Never-married,Other-service,Not-in-family,White,Male,0,0,50,28871
47,Self-emp-not-inc,190072,Some-college,10,Married-civ-spouse,Craft-repair,Husband,White,Male,0,0,40,28950
52,Private,318975,HS-grad,9,Divorced,Adm-clerical,Unmarried,White,Female,0,0,40,28999
33,Federal-gov,615893,Masters,14,Married-civ-spouse,Transport-moving,Husband,Black,Male,0,0,40,29056
34,Private,88215,Masters,14,Married-civ-spouse,Prof-specialty,Wife,Asian-Pac-Islander,Female,0,0,40,29088
38,Private,179579,Some-college,10,Married-civ-spouse,Prof-specialty,Husband,White,Male,0,0,50,29130
47,Private,387468,Some-college,10,Married-civ-spouse,Prof-specialty,Husband,White,Male,0,0,40,29147
29,Private,370509,Bachelors,13,Married-civ-spouse,Exec-managerial,Husband,White,Male,0,0,50,29171
53,Private,132304,HS-grad,9,Divorced,Machine-op-inspct,Not-in-family,White,Female,0,0,40,29172
34,Private,202822,Masters,14,Never-married,Tech-support,Unmarried,Black,Female,0,0,40,29203
48,Private,50880,Some-college,10,Married-civ-spouse,Craft-repair,Husband,White,Male,0,0,40,29211
53,Federal-gov,177647,HS-grad,9,Married-civ-spouse,Tech-support,Husband,White,Male,0,0,40,29218
37,Private,79586,Bachelors,13,Married-civ-spouse,Exec-managerial,Husband,Asian-Pac-Islander,Male,0,0,40,29280
53,Private,268545,HS-grad,9,Married-civ-spouse,Craft-repair,Husband,Black,Male,0,0,40,29309
48,Private,160647,Some-college,10,Never-married,Exec-managerial,Not-in-family,White,Female,0,0,40,29321
33,?,119918,Bachelors,13,Never-married,?,Not-in-family,Black,Male,0,0,45,29380
43,Private,186188,Some-college,10,Divorced,Exec-managerial,Unmarried,White,Female,0,0,45,29491
48,?,353824,Some-college,10,Married-civ-spouse,?,Husband,White,Male,0,0,40,29514
54,Private,123011,HS-grad,9,Married-civ-spouse,Machine-op-inspct,Husband,White,Male,0,0,40,29523
44,Private,216411,Assoc-voc,11,Separated,Prof-specialty,Not-in-family,White,Female,0,0,40,29536
43,Private,235556,Some-college,10,Married-spouse-absent,Sales,Not-in-family,White,Male,0,0,45,29541
37,Private,355856,Bachelors,13,Married-civ-spouse,Craft-repair,Husband,Asian-Pac-Islander,Male,0,0,40,29556
44,Local-gov,290403,Assoc-voc,11,Divorced,Protective-serv,Own-child,White,Female,0,0,40,29610
33,Private,351810,Bachelors,13,Never-married,Prof-specialty,Not-in-family,White,Female,0,0,45,29612
35,Self-emp-inc,79586,Masters,14,Married-civ-spouse,Prof-specialty,Husband,Asian-Pac-Islander,Male,0,0,40,29640
55,Private,195329,HS-grad,9,Widowed,Other-service,Not-in-family,White,Female,2202,0,35,29687
38,Private,40955,Bachelors,13,Married-civ-spouse,Prof-specialty,Husband,White,Male,0,0,40,29761
38,Private,81232,Bachelors,13,Married-civ-spouse,Exec-managerial,Husband,White,Male,0,0,40,29801
41,Private,190591,Assoc-acdm,12,Divorced,Exec-managerial,Not-in-family,Black,Female,0,0,40,29831
35,Private,285102,Masters,14,Never-married,Prof-specialty,Not-in-family,Asian-Pac-Islander,Female,0,0,40,29845
38,Private,125933,Bachelors,13,Married-civ-spouse,Exec-managerial,Husband,White,Male,0,0,40,29846
45,Private,102559,Assoc-voc,11,Married-civ-spouse,Craft-repair,Husband,White,Male,0,0,40,29863
37,Private,37109,HS-grad,9,Married-civ-spouse,Other-service,Wife,Asian-Pac-Islander,Female,0,0,60,29957
53,Private,202720,9th,5,Married-spouse-absent,Machine-op-inspct,Unmarried,Black,Male,0,0,75,30003
38,Private,292307,Bachelors,13,Married-spouse-absent,Craft-repair,Not-in-family,Black,Male,0,0,40,30012
50,Private,98350,Some-college,10,Married-civ-spouse,Adm-clerical,Husband,Asian-Pac-Islander,Male,0,0,40,30058
40,Self-emp-inc,137367,Some-college,10,Married-civ-spouse,Exec-managerial,Husband,Asian-Pac-Islander,Male,0,0,50,30087
34,Private,263307,Bachelors,13,Never-married,Sales,Unmarried,Black,Male,0,0,45,30108
36,Private,52327,Masters,14,Married-civ-spouse,Prof-specialty,Husband,Other,Male,0,0,40,30172
50,Self-emp-not-inc,221336,Some-college,10,Divorced,Exec-managerial,Unmarried,Asian-Pac-Islander,Female,0,0,40,30181
36,Private,110998,Masters,14,Widowed,Tech-support,Unmarried,Asian-Pac-Islander,Female,0,0,40,30231
36,Private,145576,Masters,14,Married-civ-spouse,Adm-clerical,Husband,White,Male,0,1977,40,30266
39,Private,144608,Bachelors,13,Never-married,Prof-specialty,Not-in-family,White,Male,0,0,40,30385
30,Private,163003,Bachelors,13,Never-married,Exec-managerial,Own-child,Asian-Pac-Islander,Female,0,0,52,30391
39,Private,165235,Bachelors,13,Separated,Prof-specialty,Unmarried,Asian-Pac-Islander,Female,0,0,40,30405
42,Private,337629,12th,8,Married-civ-spouse,Craft-repair,Husband,Black,Male,0,0,60,30438
56,Private,329059,HS-grad,9,Married-civ-spouse,Machine-op-inspct,Husband,White,Male,0,0,40,30449
34,Private,98283,Prof-school,15,Never-married,Tech-support,Not-in-family,Asian-Pac-Islander,Male,0,1564,40,30458
57,Private,41762,HS-grad,9,Married-civ-spouse,Craft-repair,Husband,Asian-Pac-Islander,Male,0,0,40,30522
51,Private,178054,Some-college,10,Married-civ-spouse,Sales,Husband,White,Male,0,0,40,30538
51,Federal-gov,215948,Some-college,10,Married-civ-spouse,Handlers-cleaners,Husband,Other,Male,0,0,40,30576
57,Private,169329,HS-grad,9,Married-civ-spouse,Tech-support,Husband,Black,Male,0,1887,40,30649
57,Private,237691,HS-grad,9,Married-civ-spouse,Other-service,Husband,White,Male,0,0,40,30718
51,Private,228516,HS-grad,9,Married-spouse-absent,Craft-repair,Not-in-family,White,Male,0,0,45,30839
32,Self-emp-inc,124919,Bachelors,13,Married-civ-spouse,Other-service,Husband,Asian-Pac-Islander,Male,0,0,50,30875
52,Self-emp-not-inc,135339,Some-college,10,Married-civ-spouse,Craft-repair,Husband,Asian-Pac-Islander,Male,0,0,40,30895
40,Federal-gov,171231,Bachelors,13,Never-married,Adm-clerical,Not-in-family,White,Male,0,0,40,30931
40,Private,191342,Bachelors,13,Married-civ-spouse,Exec-managerial,Husband,Asian-Pac-Islander,Male,0,0,40,30951
66,?,206560,HS-grad,9,Widowed,?,Not-in-family,Other,Female,0,0,35,30962
35,Private,98283,Prof-school,15,Never-married,Prof-specialty,Not-in-family,Asian-Pac-Islander,Male,0,0,40,31058
46,Private,192963,Bachelors,13,Married-civ-spouse,Adm-clerical,Husband,Asian-Pac-Islander,Male,0,2415,35,31088
52,Private,110954,HS-grad,9,Married-civ-spouse,Craft-repair,Husband,White,Male,0,0,45,31126
44,Self-emp-not-inc,75065,12th,8,Married-civ-spouse,Exec-managerial,Husband,Asian-Pac-Islander,Male,0,0,60,31135
36,Private,218490,Bachelors,13,Married-civ-spouse,Prof-specialty,Husband,White,Male,0,0,45,31233
36,Private,272090,Bachelors,13,Divorced,Prof-specialty,Unmarried,White,Female,0,0,45,31287
41,Federal-gov,19914,Bachelors,13,Married-civ-spouse,Adm-clerical,Wife,Asian-Pac-Islander,Female,0,0,40,31300
41,Private,22201,Bachelors,13,Married-civ-spouse,Exec-managerial,Husband,Asian-Pac-Islander,Male,0,0,40,31302
33,Self-emp-inc,281832,Doctorate,16,Married-civ-spouse,Prof-specialty,Husband,White,Male,0,0,40,31362
41,Private,116391,Bachelors,13,Married-civ-spouse,Handlers-cleaners,Husband,White,Male,0,0,40,31396
40,State-gov,182460,Masters,14,Married-civ-spouse,Prof-specialty,Wife,Asian-Pac-Islander,Female,0,0,38,31424
38,Private,192337,Masters,14,Married-civ-spouse,Prof-specialty,Husband,White,Male,0,0,40,31432
41,Private,169104,Bachelors,13,Married-civ-spouse,Craft-repair,Husband,Asian-Pac-Islander,Male,0,0,40,31449
32,Local-gov,19302,Assoc-acdm,12,Married-civ-spouse,Protective-serv,Husband,White,Male,0,0,56,31467
41,Private,216968,Bachelors,13,Never-married,Handlers-cleaners,Not-in-family,Black,Male,0,0,40,31497
33,Private,162930,Bachelors,13,Married-civ-spouse,Prof-specialty,Husband,White,Male,0,0,50,31563
67,?,150264,Doctorate,16,Married-civ-spouse,?,Husband,White,Male,0,0,20,31570
33,Private,177675,Bachelors,13,Married-civ-spouse,Exec-managerial,Husband,White,Male,0,0,50,31578
53,Self-emp-not-inc,135339,Bachelors,13,Married-civ-spouse,Exec-managerial,Husband,Asian-Pac-Islander,Male,7688,0,20,31583
41,Private,324629,Bachelors,13,Married-civ-spouse,Exec-managerial,Husband,White,Male,0,0,40,31605
49,Private,133917,Assoc-voc,11,Never-married,Sales,Other-relative,Black,Male,0,0,40,31654
45,Private,129387,Assoc-acdm,12,Divorced,Tech-support,Unmarried,White,Female,0,0,40,31689
54,Local-gov,182543,Some-college,10,Widowed,Adm-clerical,Unmarried,White,Female,0,0,40,31743
45,Federal-gov,207107,Assoc-acdm,12,Divorced,Adm-clerical,Unmarried,Asian-Pac-Islander,Male,0,2080,40,31767
90,Local-gov,187749,Assoc-acdm,12,Married-civ-spouse,Adm-clerical,Husband,Asian-Pac-Islander,Male,0,0,20,31768
36,Self-emp-inc,337778,Some-college,10,Married-civ-spouse,Exec-managerial,Husband,White,Male,0,0,60,31878
39,Private,99146,Masters,14,Married-civ-spouse,Prof-specialty,Husband,White,Male,0,0,40,31899
44,Private,207685,HS-grad,9,Never-married,Exec-managerial,Not-in-family,White,Male,0,1564,55,31933
33,Local-gov,222654,Some-college,10,Married-civ-spouse,Handlers-cleaners,Husband,White,Male,0,0,66,31937
30,Federal-gov,321990,Some-college,10,Married-civ-spouse,Adm-clerical,Husband,White,Male,7298,0,48,31972
39,Private,258037,Masters,14,Never-married,Adm-clerical,Not-in-family,White,Male,0,0,40,32058
46,Private,113806,12th,8,Married-civ-spouse,Craft-repair,Husband,White,Male,7298,0,40,32092
55,Private,170287,Some-college,10,Married-civ-spouse,Prof-specialty,Husband,White,Male,0,0,40,32130
34,Private,99872,Masters,14,Married-civ-spouse,Exec-managerial,Husband,Asian-Pac-Islander,Male,3103,0,40,32203
47,Private,340982,Some-college,10,Married-civ-spouse,Machine-op-inspct,Husband,Asian-Pac-Islander,Male,3103,0,40,32204
62,Local-gov,33365,HS-grad,9,Widowed,Other-service,Not-in-family,White,Female,0,0,40,32313
38,Private,152237,Bachelors,13,Never-married,Sales,Not-in-family,White,Male,0,0,45,32337
34,Private,317809,Bachelors,13,Married-civ-spouse,Exec-managerial,Husband,White,Male,0,0,50,32368
43,Self-emp-inc,82488,Bachelors,13,Married-civ-spouse,Sales,Own-child,Asian-Pac-Islander,Female,0,0,40,32402
56,Private,81220,Some-college,10,Never-married,Adm-clerical,Not-in-family,White,Female,0,0,40,32441
43,Private,195212,Bachelors,13,Married-civ-spouse,Exec-managerial,Wife,Black,Female,0,0,40,32515
35,Private,161637,Doctorate,16,Married-civ-spouse,Prof-specialty,Husband,Asian-Pac-Islander,Male,0,1902,40,32522
48,Private,114561,Bachelors,13,Married-spouse-absent,Prof-specialty,Other-relative,Asian-Pac-Islander,Female,0,0,36,32543
29,Local-gov,190525,Bachelors,13,Married-civ-spouse,Prof-specialty,Husband,White,Male,0,1848,60,32751
42,Self-emp-inc,188738,HS-grad,9,Married-civ-spouse,Exec-managerial,Husband,White,Male,0,1977,60,32809
63,Private,188914,HS-grad,9,Widowed,Machine-op-inspct,Other-relative,Black,Female,0,0,40,32829
57,Private,206343,HS-grad,9,Separated,Machine-op-inspct,Not-in-family,White,Male,2174,0,40,32860
35,Private,200117,Bachelors,13,Married-civ-spouse,Exec-managerial,Husband,Asian-Pac-Islander,Male,0,1887,50,32900
57,Private,194850,Some-college,10,Married-civ-spouse,Other-service,Husband,Other,Male,0,0,40,32955
39,Private,201410,Bachelors,13,Married-civ-spouse,Transport-moving,Husband,White,Male,0,1977,45,32971
38,Self-emp-inc,244803,Some-college,10,Married-civ-spouse,Sales,Husband,White,Male,0,1485,60,32985
36,Self-emp-not-inc,609935,Bachelors,13,Married-civ-spouse,Transport-moving,Husband,Black,Male,0,0,48,33026
44,Private,203897,Bachelors,13,Married-spouse-absent,Adm-clerical,Not-in-family,White,Female,0,0,40,33044
41,Local-gov,183224,Masters,14,Married-civ-spouse,Prof-specialty,Wife,Asian-Pac-Islander,Female,0,0,40,33103
28,Private,183597,Doctorate,16,Never-married,Prof-specialty,Not-in-family,White,Male,594,0,50,33128
53,Self-emp-inc,134854,Assoc-voc,11,Married-civ-spouse,Exec-managerial,Husband,White,Male,0,0,40,33415
45,Private,88781,Bachelors,13,Married-civ-spouse,Craft-repair,Husband,White,Male,0,0,40,33449
45,Private,161954,Bachelors,13,Never-married,Prof-specialty,Not-in-family,White,Female,0,0,40,33522
36,Self-emp-not-inc,202950,Bachelors,13,Married-civ-spouse,Exec-managerial,Husband,White,Male,0,0,50,33553
45,Private,204057,Bachelors,13,Divorced,Adm-clerical,Unmarried,White,Female,0,0,40,33564
42,Federal-gov,108183,Masters,14,Married-civ-spouse,Prof-specialty,Husband,Asian-Pac-Islander,Male,0,1902,40,33588
37,Self-emp-not-inc,352882,HS-grad,9,Divorced,Exec-managerial,Not-in-family,Asian-Pac-Islander,Female,0,0,70,33593
65,Private,255386,HS-grad,9,Never-married,Craft-repair,Other-relative,Asian-Pac-Islander,Male,0,0,40,33615
39,Private,258276,Bachelors,13,Married-civ-spouse,Tech-support,Husband,Asian-Pac-Islander,Male,3137,0,40,33635
59,Local-gov,130532,Some-college,10,Widowed,Other-service,Not-in-family,White,Female,0,0,40,33691
90,Private,311184,Bachelors,13,Married-civ-spouse,Sales,Husband,White,Male,0,0,20,33691
42,Private,313945,Masters,14,Married-civ-spouse,Sales,Husband,White,Male,0,0,40,33794
47,Private,244025,HS-grad,9,Never-married,Machine-op-inspct,Unmarried,Amer-Indian-Eskimo,Male,0,0,56,33876
53,Private,223696,12th,8,Married-spouse-absent,Handlers-cleaners,Not-in-family,Other,Male,0,0,56,33912
46,Private,155659,Bachelors,13,Married-civ-spouse,Machine-op-inspct,Husband,White,Male,0,0,40,34036
46,Private,171199,Bachelors,13,Divorced,Machine-op-inspct,Unmarried,Other,Female,0,0,40,34051
46,Local-gov,187749,Bachelors,13,Married-civ-spouse,Prof-specialty,Husband,Asian-Pac-Islander,Male,0,0,40,34068
53,Private,290640,HS-grad,9,Married-civ-spouse,Other-service,Husband,White,Male,0,0,50,34091
46,Private,213140,Bachelors,13,Married-civ-spouse,Prof-specialty,Husband,White,Male,0,0,40,34093
31,Self-emp-not-inc,145162,Bachelors,13,Married-civ-spouse,Exec-managerial,Husband,White,Male,0,0,60,34265
58,Private,223400,Assoc-acdm,12,Married-civ-spouse,Priv-house-serv,Other-relative,White,Female,0,0,35,34548
68,Private,165017,HS-grad,9,Married-civ-spouse,Prof-specialty,Husband,White,Male,0,0,40,34605
42,Self-emp-not-inc,177937,Bachelors,13,Married-spouse-absent,Exec-managerial,Not-in-family,White,Male,0,0,45,34703
41,Private,207578,Assoc-acdm,12,Married-civ-spouse,Exec-managerial,Husband,Black,Male,0,0,50,34758
34,State-gov,366198,Doctorate,16,Married-civ-spouse,Prof-specialty,Husband,White,Male,0,0,45,34801
54,Private,139703,Some-college,10,Married-civ-spouse,Craft-repair,Husband,White,Male,3103,0,40,34803
55,Private,158702,Some-college,10,Never-married,Adm-clerical,Not-in-family,Black,Female,0,2339,45,34864
31,Private,136398,Doctorate,16,Married-civ-spouse,Prof-specialty,Husband,Asian-Pac-Islander,Male,0,0,50,34886
41,Self-emp-not-inc,375574,Some-college,10,Married-civ-spouse,Sales,Husband,White,Male,0,0,60,34916
34,Private,160261,HS-grad,9,Never-married,Tech-support,Own-child,Asian-Pac-Islander,Male,14084,0,35,34919
39,Self-emp-not-inc,160120,Doctorate,16,Divorced,Adm-clerical,Other-relative,Other,Male,0,0,40,35080
50,Self-emp-inc,132716,Some-college,10,Married-civ-spouse,Exec-managerial,Husband,White,Male,0,0,50,35083
43,Private,95634,Bachelors,13,Married-civ-spouse,Other-service,Wife,Asian-Pac-Islander,Female,0,0,45,35206
39,Private,99270,Bachelors,13,Married-civ-spouse,Prof-specialty,Wife,White,Female,0,0,50,35399
39,Private,165106,Bachelors,13,Married-spouse-absent,Craft-repair,Not-in-family,White,Male,0,1564,50,35465
67,Private,224984,HS-grad,9,Widowed,Adm-clerical,Not-in-family,White,Female,15831,0,16,35688
67,Private,264095,Some-college,10,Married-civ-spouse,Handlers-cleaners,Husband,White,Male,9386,0,24,35706
51,Private,138852,HS-grad,9,Married-civ-spouse,Other-service,Husband,White,Male,7298,0,40,35757
35,Local-gov,302149,Bachelors,13,Married-civ-spouse,Sales,Husband,Asian-Pac-Islander,Male,7298,0,40,35760
36,Private,123983,Bachelors,13,Married-civ-spouse,Prof-specialty,Husband,Asian-Pac-Islander,Male,0,0,55,35809
33,Private,181091,Bachelors,13,Married-civ-spouse,Adm-clerical,Husband,White,Male,0,0,60,35861
50,Self-emp-not-inc,37913,Bachelors,13,Married-civ-spouse,Exec-managerial,Husband,White,Male,0,0,40,35998
69,?,199591,Prof-school,15,Married-civ-spouse,?,Wife,White,Female,0,0,25,36050
72,?,173427,HS-grad,9,Married-civ-spouse,?,Husband,White,Male,0,0,40,36053
44,Private,367749,Bachelors,13,Never-married,Prof-specialty,Not-in-family,White,Female,0,0,45,36063
37,Private,221850,Masters,14,Married-civ-spouse,Exec-managerial,Husband,White,Male,0,0,50,36072
50,Private,171225,Bachelors,13,Married-civ-spouse,Exec-managerial,Husband,Asian-Pac-Islander,Male,0,0,40,36131
50,Private,176227,Bachelors,13,Married-civ-spouse,Exec-managerial,Husband,White,Male,0,0,40,36136
43,Private,154210,HS-grad,9,Married-civ-spouse,Other-service,Husband,Asian-Pac-Islander,Male,2829,0,60,36143
31,Private,176185,Masters,14,Married-civ-spouse,Exec-managerial,Husband,White,Male,0,0,60,36156
66,Self-emp-not-inc,174995,Assoc-acdm,12,Married-civ-spouse,Craft-repair,Husband,White,Male,2290,0,30,36195
73,Private,77884,HS-grad,9,Married-civ-spouse,Farming-fishing,Husband,Asian-Pac-Islander,Male,0,0,40,36318
34,Self-emp-inc,174215,Masters,14,Never-married,Exec-managerial,Not-in-family,White,Female,4787,0,45,36336
45,Self-emp-not-inc,160724,Bachelors,13,Married-civ-spouse,Exec-managerial,Husband,Asian-Pac-Islander,Male,0,0,45,36441
73,Self-emp-not-inc,233882,HS-grad,9,Married-civ-spouse,Farming-fishing,Husband,Asian-Pac-Islander,Male,0,2457,40,36474
37,Federal-gov,22201,Bachelors,13,Married-civ-spouse,Adm-clerical,Husband,Asian-Pac-Islander,Male,7298,0,40,36520
51,Private,282744,Bachelors,13,Married-civ-spouse,Farming-fishing,Husband,White,Male,0,0,40,36763
38,Private,353263,Masters,14,Never-married,Adm-clerical,Not-in-family,White,Female,0,0,50,36903
42,Private,139012,Doctorate,16,Married-civ-spouse,Prof-specialty,Husband,Asian-Pac-Islander,Male,0,0,40,36979
50,Self-emp-not-inc,64667,HS-grad,9,Divorced,Prof-specialty,Not-in-family,Asian-Pac-Islander,Female,0,0,60,37005
52,Private,99682,Some-college,10,Married-civ-spouse,Sales,Wife,White,Female,0,0,52,37088
60,Self-emp-not-inc,146674,HS-grad,9,Divorced,Craft-repair,Not-in-family,Black,Male,0,0,50,37097
36,Private,150601,Prof-school,15,Married-civ-spouse,Prof-specialty,Husband,White,Male,0,0,50,37101
44,Self-emp-not-inc,127482,HS-grad,9,Married-civ-spouse,Craft-repair,Husband,White,Male,7298,0,50,37175
48,Self-emp-not-inc,379883,Masters,14,Married-civ-spouse,Exec-managerial,Husband,White,Male,0,0,40,37220
52,Private,266138,Bachelors,13,Married-civ-spouse,Exec-managerial,Husband,White,Male,0,0,40,37266
63,Private,181828,HS-grad,9,Married-civ-spouse,Sales,Husband,White,Male,0,0,48,37350
39,Local-gov,170382,Masters,14,Married-civ-spouse,Prof-specialty,Wife,White,Female,0,0,50,37420
28,Private,606111,Doctorate,16,Never-married,Prof-specialty,Not-in-family,White,Female,0,0,60,37426
42,Self-emp-not-inc,183765,Bachelors,13,Never-married,Prof-specialty,Not-in-family,White,Male,0,0,50,37434
57,Self-emp-not-inc,138285,Assoc-acdm,12,Married-civ-spouse,Other-service,Husband,White,Male,0,0,40,37458
55,Private,98746,Some-college,10,Married-civ-spouse,Tech-support,Husband,White,Male,0,0,50,37549
46,Local-gov,14878,Prof-school,15,Married-civ-spouse,Prof-specialty,Husband,Asian-Pac-Islander,Male,0,0,40,37575
62,?,125493,HS-grad,9,Married-civ-spouse,?,Wife,White,Female,5178,0,40,37583
44,Self-emp-not-inc,182771,Bachelors,13,Married-civ-spouse,Exec-managerial,Husband,Asian-Pac-Islander,Male,0,0,48,37591
52,Private,185407,Assoc-voc,11,Married-civ-spouse,Craft-repair,Husband,White,Male,0,0,48,37593
47,Private,156926,Bachelors,13,Married-civ-spouse,Exec-managerial,Husband,White,Male,0,0,45,37607
53,Private,96062,Bachelors,13,Married-civ-spouse,Exec-managerial,Husband,White,Male,0,0,40,37616
49,Local-gov,215895,Masters,14,Married-civ-spouse,Adm-clerical,Husband,White,Male,0,0,40,37616
53,Private,96827,Bachelors,13,Never-married,Other-service,Not-in-family,White,Male,0,0,40,37617
41,Self-emp-inc,75742,Prof-school,15,Married-civ-spouse,Prof-specialty,Husband,White,Male,0,0,45,37706
46,Federal-gov,308077,Prof-school,15,Separated,Prof-specialty,Unmarried,White,Female,0,0,40,37868
39,Self-emp-inc,116358,Bachelors,13,Married-civ-spouse,Sales,Husband,Asian-Pac-Islander,Male,7688,0,40,38044
50,Self-emp-not-inc,127151,Masters,14,Married-civ-spouse,Prof-specialty,Wife,White,Female,0,0,40,38087
54,State-gov,119565,Bachelors,13,Married-civ-spouse,Exec-managerial,Husband,White,Male,0,0,40,38160
45,Private,199058,Bachelors,13,Married-civ-spouse,Exec-managerial,Husband,White,Male,0,0,48,38231
54,Local-gov,219276,Bachelors,13,Married-civ-spouse,Exec-managerial,Husband,Asian-Pac-Islander,Male,0,0,40,38259
72,Private,97304,HS-grad,9,Married-spouse-absent,Machine-op-inspct,Unmarried,White,Male,2346,0,40,38323
48,Private,307440,Bachelors,13,Married-civ-spouse,Tech-support,Husband,Asian-Pac-Islander,Male,0,0,45,38342
48,Private,345006,Bachelors,13,Never-married,Prof-specialty,Not-in-family,White,Female,0,0,45,38380
35,?,98080,Prof-school,15,Never-married,?,Not-in-family,Asian-Pac-Islander,Male,4787,0,45,38465
44,Self-emp-inc,116358,Bachelors,13,Married-civ-spouse,Sales,Husband,Asian-Pac-Islander,Male,0,0,50,38666
72,Private,268861,7th-8th,4,Widowed,Other-service,Not-in-family,White,Female,0,0,99,38682
63,Local-gov,168656,Bachelors,13,Divorced,Craft-repair,Not-in-family,Black,Male,0,0,35,38799
45,Private,261278,Bachelors,13,Married-civ-spouse,Prof-specialty,Wife,Asian-Pac-Islander,Female,5178,0,40,38799
40,Private,220977,Doctorate,16,Married-civ-spouse,Exec-managerial,Husband,Asian-Pac-Islander,Male,3103,0,40,38884
42,Local-gov,185129,Doctorate,16,Married-civ-spouse,Exec-managerial,Husband,White,Male,0,0,43,39038
43,Self-emp-not-inc,421837,Some-college,10,Married-civ-spouse,Sales,Husband,White,Male,7298,0,50,39170
56,Federal-gov,277420,Bachelors,13,Married-civ-spouse,Exec-managerial,Husband,White,Male,0,0,40,39357
39,Self-emp-not-inc,218490,Prof-school,15,Married-civ-spouse,Prof-specialty,Husband,White,Male,0,2415,50,39418
40,Local-gov,197012,Bachelors,13,Divorced,Tech-support,Not-in-family,White,Female,8614,0,40,39571
35,Private,81280,Bachelors,13,Married-civ-spouse,Farming-fishing,Husband,White,Male,0,0,65,39591
48,Private,119471,Assoc-voc,11,Married-civ-spouse,Other-service,Husband,Asian-Pac-Islander,Male,0,0,56,39631
50,Private,123174,Doctorate,16,Married-civ-spouse,Prof-specialty,Husband,Black,Male,0,0,37,39686
57,Private,135339,Bachelors,13,Married-civ-spouse,Exec-managerial,Husband,Asian-Pac-Islander,Male,0,0,40,39735
47,Private,191411,Masters,14,Married-civ-spouse,Prof-specialty,Husband,Asian-Pac-Islander,Male,0,0,45,39756
34,Private,122612,Bachelors,13,Married-civ-spouse,Other-service,Wife,Asian-Pac-Islander,Female,7688,0,50,39861
55,Private,223594,Some-college,10,Married-civ-spouse,Craft-repair,Husband,Black,Male,7688,0,40,39872
27,Private,128730,Assoc-voc,11,Never-married,Exec-managerial,Not-in-family,White,Male,10520,0,65,39889
44,Private,237993,Prof-school,15,Married-civ-spouse,Machine-op-inspct,Husband,White,Male,0,0,45,39893
46,Private,229737,Bachelors,13,Married-civ-spouse,Sales,Husband,White,Male,0,0,50,40080
47,Private,192793,Doctorate,16,Married-civ-spouse,Prof-specialty,Husband,White,Male,0,0,40,40233
46,Private,389843,Bachelors,13,Married-civ-spouse,Sales,Husband,White,Male,0,0,50,40240
55,Private,124808,Assoc-voc,11,Married-civ-spouse,Prof-specialty,Husband,White,Male,0,1977,50,40325
55,Private,143266,Assoc-voc,11,Married-civ-spouse,Craft-repair,Husband,White,Male,0,0,50,40343
39,Private,216256,Bachelors,13,Married-civ-spouse,Exec-managerial,Husband,White,Male,0,0,60,40576
31,Private,279015,Masters,14,Married-civ-spouse,Exec-managerial,Husband,White,Male,0,2415,70,40589
47,Self-emp-inc,120131,Bachelors,13,Married-civ-spouse,Exec-managerial,Husband,White,Male,0,0,50,40620
39,Self-emp-not-inc,315640,Bachelors,13,Never-married,Sales,Own-child,Asian-Pac-Islander,Male,0,0,60,40676
32,Self-emp-inc,275094,Bachelors,13,Married-civ-spouse,Sales,Husband,White,Male,7688,0,55,40788
48,Private,119471,Doctorate,16,Married-civ-spouse,Prof-specialty,Husband,Asian-Pac-Islander,Male,0,0,40,40799
51,Self-emp-not-inc,268639,Some-college,10,Married-civ-spouse,Prof-specialty,Wife,White,Female,0,2057,60,40809
48,Private,143098,Doctorate,16,Married-civ-spouse,Prof-specialty,Husband,Asian-Pac-Islander,Male,0,1902,40,40823
59,Private,189721,Bachelors,13,Married-civ-spouse,Handlers-cleaners,Husband,White,Male,0,0,40,40830
43,Private,144778,Bachelors,13,Married-civ-spouse,Prof-specialty,Husband,White,Male,0,0,55,40835
59,Private,261816,Some-college,10,Divorced,Exec-managerial,Not-in-family,White,Female,0,0,52,40890
41,Federal-gov,219155,Prof-school,15,Married-civ-spouse,Prof-specialty,Husband,White,Male,0,0,50,40919
41,Private,331651,Prof-school,15,Married-civ-spouse,Exec-managerial,Wife,White,Female,0,0,50,41032
47,Private,267205,Assoc-voc,11,Married-civ-spouse,Craft-repair,Husband,White,Male,0,0,60,41227
40,Private,115932,Bachelors,13,Married-civ-spouse,Prof-specialty,Husband,White,Male,0,0,60,41256
60,Private,114263,Bachelors,13,Divorced,Exec-managerial,Not-in-family,White,Female,0,0,40,41274
56,Federal-gov,67153,Masters,14,Married-civ-spouse,Exec-managerial,Husband,White,Male,0,0,40,41387
48,Private,267912,Bachelors,13,Never-married,Other-service,Not-in-family,White,Male,0,0,50,41418
56,Private,98361,Masters,14,Married-civ-spouse,Prof-specialty,Husband,White,Male,0,0,40,41418
28,Private,177119,Masters,14,Never-married,Exec-managerial,Not-in-family,White,Female,0,0,80,41457
49,Local-gov,116163,Bachelors,13,Divorced,Prof-specialty,Unmarried,White,Female,0,0,50,41916
36,Private,337039,Assoc-acdm,12,Never-married,Tech-support,Not-in-family,Black,Male,14344,0,40,41921
49,Private,137192,Bachelors,13,Married-civ-spouse,Sales,Husband,Asian-Pac-Islander,Male,0,1977,50,41937
60,State-gov,69251,Masters,14,Married-civ-spouse,Prof-specialty,Husband,Asian-Pac-Islander,Male,0,0,38,41951
41,Self-emp-inc,93227,Bachelors,13,Married-civ-spouse,Exec-managerial,Husband,Asian-Pac-Islander,Male,0,1977,60,42013
38,State-gov,110426,Doctorate,16,Married-civ-spouse,Prof-specialty,Wife,White,Female,7688,0,40,42078
35,Private,320451,Masters,14,Married-civ-spouse,Exec-managerial,Husband,Asian-Pac-Islander,Male,0,0,65,42105
57,Private,233382,Masters,14,Never-married,Exec-managerial,Not-in-family,White,Male,0,0,40,42113
46,Private,123053,Masters,14,Married-civ-spouse,Exec-managerial,Husband,Asian-Pac-Islander,Male,0,0,50,42273
38,?,94559,Bachelors,13,Married-civ-spouse,?,Wife,Other,Female,7688,0,50,42433
42,Private,198341,Masters,14,Married-civ-spouse,Prof-specialty,Husband,Asian-Pac-Islander,Male,0,1902,55,42483
43,Federal-gov,325706,Prof-school,15,Married-civ-spouse,Prof-specialty,Husband,Asian-Pac-Islander,Male,0,0,50,42526
72,Private,183616,HS-grad,9,Married-civ-spouse,Exec-managerial,Wife,White,Female,0,0,50,42534
63,Private,76860,Bachelors,13,Married-civ-spouse,Protective-serv,Husband,Asian-Pac-Islander,Male,0,0,40,42797
56,Self-emp-inc,187355,Some-college,10,Married-civ-spouse,Sales,Wife,White,Female,0,0,60,43727
56,Private,215839,Some-college,10,Married-civ-spouse,Transport-moving,Husband,White,Male,0,0,60,43756
56,Local-gov,216824,Prof-school,15,Married-civ-spouse,Adm-clerical,Husband,Asian-Pac-Islander,Male,0,0,40,43777
65,?,149131,Bachelors,13,Married-civ-spouse,?,Husband,White,Male,0,0,40,43909
45,Private,81534,HS-grad,9,Married-civ-spouse,Other-service,Husband,Asian-Pac-Islander,Male,0,0,84,44018
53,Private,70387,Masters,14,Married-civ-spouse,Prof-specialty,Husband,Asian-Pac-Islander,Male,4386,0,40,44096
61,Private,119986,Masters,14,Married-civ-spouse,Prof-specialty,Husband,White,Male,0,0,40,44240
41,Private,143003,Assoc-voc,11,Married-civ-spouse,Other-service,Husband,Asian-Pac-Islander,Male,7298,0,60,44441
31,Private,167725,Bachelors,13,Married-civ-spouse,Prof-specialty,Husband,Asian-Pac-Islander,Male,15024,0,48,44488
53,Self-emp-inc,135643,Bachelors,13,Married-civ-spouse,Adm-clerical,Wife,Asian-Pac-Islander,Female,0,0,50,44536
45,Self-emp-inc,180239,Prof-school,15,Married-civ-spouse,Exec-managerial,Husband,Asian-Pac-Islander,Male,7688,0,40,44828
40,Private,177027,Bachelors,13,Married-civ-spouse,Other-service,Wife,Asian-Pac-Islander,Female,7688,0,52,44853
62,Federal-gov,258124,Masters,14,Married-civ-spouse,Adm-clerical,Husband,White,Male,0,0,40,44938
33,Private,192002,Masters,14,Married-civ-spouse,Exec-managerial,Husband,White,Male,7298,0,60,45150
42,Self-emp-inc,23510,Masters,14,Divorced,Exec-managerial,Unmarried,Asian-Pac-Islander,Male,0,2201,60,45244
55,State-gov,120781,Doctorate,16,Married-civ-spouse,Prof-specialty,Husband,Asian-Pac-Islander,Male,0,0,40,45281
53,Self-emp-inc,251675,Some-college,10,Divorced,Sales,Not-in-family,White,Male,8614,0,50,45316
68,Private,104438,Bachelors,13,Married-civ-spouse,Prof-specialty,Husband,White,Male,0,0,40,45424
44,Self-emp-not-inc,361280,Some-college,10,Married-civ-spouse,Sales,Husband,Asian-Pac-Islander,Male,0,0,80,45481
43,Federal-gov,156996,Prof-school,15,Married-civ-spouse,Prof-specialty,Husband,Asian-Pac-Islander,Male,0,2415,55,45577
51,Federal-gov,254211,Masters,14,Widowed,Sales,Unmarried,White,Male,0,0,50,45904
55,Self-emp-inc,207489,Bachelors,13,Divorced,Sales,Not-in-family,White,Female,0,0,50,45907
54,Self-emp-inc,223752,Bachelors,13,Married-civ-spouse,Exec-managerial,Husband,White,Male,7688,0,40,45952
58,Private,275859,HS-grad,9,Widowed,Craft-repair,Unmarried,White,Male,8614,0,52,45982
54,Self-emp-inc,304570,Bachelors,13,Married-civ-spouse,Machine-op-inspct,Husband,Asian-Pac-Islander,Male,7688,0,40,46033
46,Self-emp-not-inc,275625,Bachelors,13,Divorced,Other-service,Unmarried,Asian-Pac-Islander,Female,0,0,60,46096
57,Self-emp-inc,258883,HS-grad,9,Married-civ-spouse,Transport-moving,Husband,White,Male,5178,0,60,46157
48,Self-emp-inc,56975,HS-grad,9,Divorced,Sales,Unmarried,Asian-Pac-Islander,Female,0,0,84,46261
56,Private,104842,Bachelors,13,Divorced,Prof-specialty,Unmarried,Black,Female,0,0,50,46455
51,Private,87205,Bachelors,13,Divorced,Prof-specialty,Unmarried,White,Female,0,0,55,46497
65,Self-emp-inc,172684,Bachelors,13,Married-civ-spouse,Exec-managerial,Husband,White,Male,0,0,44,47309
34,Private,156464,Bachelors,13,Divorced,Exec-managerial,Not-in-family,White,Male,0,0,85,47641
47,State-gov,148171,Doctorate,16,Divorced,Prof-specialty,Unmarried,White,Male,0,0,50,47698
54,Private,225599,Masters,14,Married-civ-spouse,Prof-specialty,Husband,Asian-Pac-Islander,Male,7298,0,40,47724
54,Private,182187,Assoc-voc,11,Married-civ-spouse,Protective-serv,Husband,Black,Male,15024,0,38,47740
48,Local-gov,378221,Bachelors,13,Married-civ-spouse,Exec-managerial,Husband,White,Male,0,0,60,47758
36,Private,247558,Prof-school,15,Married-civ-spouse,Prof-specialty,Husband,White,Male,5178,0,60,47766
43,State-gov,506329,Bachelors,13,Married-civ-spouse,Prof-specialty,Husband,Asian-Pac-Islander,Male,15024,0,40,47850
42,Self-emp-inc,152071,Prof-school,15,Married-civ-spouse,Prof-specialty,Husband,White,Male,0,0,60,47892
67,Self-emp-inc,171564,HS-grad,9,Married-civ-spouse,Prof-specialty,Wife,White,Female,20051,0,30,48283
61,Private,80896,Masters,14,Married-civ-spouse,Prof-specialty,Husband,Asian-Pac-Islander,Male,0,0,45,48466
50,Self-emp-inc,120781,Bachelors,13,Married-civ-spouse,Sales,Husband,Asian-Pac-Islander,Male,0,0,60,49061
61,Self-emp-inc,98350,Doctorate,16,Married-civ-spouse,Exec-managerial,Husband,Asian-Pac-Islander,Male,0,0,40,49098
39,Private,198654,Prof-school,15,Married-civ-spouse,Prof-specialty,Husband,Asian-Pac-Islander,Male,0,2415,67,49327
42,Private,186376,Bachelors,13,Married-civ-spouse,Other-service,Husband,Asian-Pac-Islander,Male,0,0,72,49426
44,Self-emp-not-inc,149943,Prof-school,15,Married-civ-spouse,Prof-specialty,Husband,Asian-Pac-Islander,Male,0,0,60,49690
62,Local-gov,167889,Doctorate,16,Widowed,Prof-specialty,Unmarried,White,Female,0,0,40,49808
51,Private,199688,Bachelors,13,Married-civ-spouse,Exec-managerial,Husband,White,Male,0,1977,60,49920
68,State-gov,202699,Masters,14,Married-civ-spouse,Prof-specialty,Husband,White,Male,0,2377,42,50145
63,Private,221072,Bachelors,13,Married-civ-spouse,Craft-repair,Husband,White,Male,0,0,49,50303
42,Private,119359,Prof-school,15,Married-civ-spouse,Sales,Wife,Amer-Indian-Eskimo,Female,15024,0,40,50303
50,Self-emp-inc,302708,Bachelors,13,Married-civ-spouse,Exec-managerial,Husband,Asian-Pac-Islander,Male,7688,0,50,50441
30,Self-emp-inc,321990,Masters,14,Married-civ-spouse,Exec-managerial,Husband,White,Male,15024,0,60,50486
39,Self-emp-not-inc,343476,Bachelors,13,Married-civ-spouse,Prof-specialty,Husband,White,Male,15024,0,50,50667
56,Private,266091,Bachelors,13,Never-married,Prof-specialty,Not-in-family,White,Female,2907,0,52,50977
64,Federal-gov,175534,Doctorate,16,Married-civ-spouse,Prof-specialty,Husband,Asian-Pac-Islander,Male,0,0,40,51096
63,Private,339755,Bachelors,13,Married-civ-spouse,Prof-specialty,Husband,White,Male,0,0,50,51240
47,Private,120781,Masters,14,Married-civ-spouse,Exec-managerial,Husband,Asian-Pac-Islander,Male,15024,0,40,51425
45,Private,246891,Bachelors,13,Married-civ-spouse,Exec-managerial,Husband,White,Male,0,0,72,52295
47,Private,185866,Prof-school,15,Married-civ-spouse,Prof-specialty,Husband,White,Male,0,0,60,52426
47,Private,133969,Bachelors,13,Married-civ-spouse,Exec-managerial,Husband,Asian-Pac-Islander,Male,2885,0,65,52669
57,Self-emp-inc,180211,Prof-school,15,Married-civ-spouse,Prof-specialty,Husband,Asian-Pac-Islander,Male,0,0,50,52880
53,Private,104461,Bachelors,13,Never-married,Other-service,Not-in-family,White,Male,8614,0,50,53118
44,Private,148138,Doctorate,16,Married-civ-spouse,Exec-managerial,Husband,Asian-Pac-Islander,Male,15024,0,40,53292
52,Private,186303,Some-college,10,Married-civ-spouse,Exec-managerial,Husband,White,Male,15024,0,55,53755
69,Private,230417,Doctorate,16,Married-civ-spouse,Prof-specialty,Husband,White,Male,0,0,40,54350
42,Private,187720,Masters,14,Married-civ-spouse,Sales,Husband,White,Male,15024,0,50,54562
61,Self-emp-not-inc,96073,Prof-school,15,Married-civ-spouse,Prof-specialty,Husband,White,Male,0,0,50,55796
34,Self-emp-not-inc,198664,Bachelors,13,Married-civ-spouse,Craft-repair,Husband,Asian-Pac-Islander,Male,15024,0,70,56093
90,Private,88991,Bachelors,13,Married-civ-spouse,Exec-managerial,Wife,White,Female,0,0,40,56849
29,Private,82242,Prof-school,15,Never-married,Prof-specialty,Unmarried,White,Male,27828,0,45,57440
58,Private,146477,Masters,14,Married-civ-spouse,Exec-managerial,Husband,White,Male,15024,0,40,57610
41,Private,150755,Doctorate,16,Married-civ-spouse,Exec-managerial,Husband,White,Male,15024,0,50,57925
63,Private,213945,Bachelors,13,Married-civ-spouse,Sales,Husband,White,Male,15024,0,40,57958
40,Private,287008,Prof-school,15,Married-civ-spouse,Prof-specialty,Husband,White,Male,15024,0,55,58256
55,Private,175942,Doctorate,16,Married-civ-spouse,Prof-specialty,Husband,White,Male,0,1977,55,58521
90,Private,175491,HS-grad,9,Married-civ-spouse,Craft-repair,Husband,White,Male,9386,0,50,60011
64,State-gov,216160,Doctorate,16,Married-civ-spouse,Prof-specialty,Husband,White,Male,0,0,50,61366
45,Private,101452,Masters,14,Married-civ-spouse,Exec-managerial,Husband,White,Male,15024,0,60,62865
39,Self-emp-inc,124685,Masters,14,Divorced,Exec-managerial,Not-in-family,Asian-Pac-Islander,Male,0,0,99,64080
68,Self-emp-not-inc,89011,Doctorate,16,Married-civ-spouse,Prof-specialty,Husband,White,Male,0,0,50,64439
66,Local-gov,174486,Doctorate,16,Married-civ-spouse,Prof-specialty,Husband,Black,Male,20051,0,35,67150
54,Private,135803,Bachelors,13,Married-civ-spouse,Exec-managerial,Husband,Asian-Pac-Islander,Male,15024,0,60,67220
57,Self-emp-inc,123053,Prof-school,15,Married-civ-spouse,Prof-specialty,Husband,Asian-Pac-Islander,Male,15024,0,50,67847
52,State-gov,254285,Doctorate,16,Married-civ-spouse,Prof-specialty,Husband,White,Male,0,1887,70,68424
64,Federal-gov,388594,Prof-school,15,Married-civ-spouse,Prof-specialty,Husband,White,Male,15024,0,45,68568
37,Private,109133,Masters,14,Separated,Exec-managerial,Not-in-family,White,Male,27828,0,60,68957
55,State-gov,117357,Doctorate,16,Married-civ-spouse,Prof-specialty,Husband,Asian-Pac-Islander,Male,0,0,70,71647
60,Private,159049,Prof-school,15,Married-civ-spouse,Prof-specialty,Husband,White,Male,0,0,70,73089
79,?,76641,Masters,14,Married-civ-spouse,?,Husband,White,Male,20051,0,40,74328
24,?,151153,Some-college,10,Never-married,?,Not-in-family,Asian-Pac-Islander,Male,99999,0,50,122100
45,Self-emp-inc,108100,Bachelors,13,Married-civ-spouse,Exec-managerial,Wife,Asian-Pac-Islander,Female,99999,0,25,124707
36,Self-emp-inc,216711,HS-grad,9,Married-civ-spouse,Exec-managerial,Husband,White,Male,99999,0,50,126366
40,Private,79586,Prof-school,15,Married-civ-spouse,Prof-specialty,Husband,Asian-Pac-Islander,Male,99999,0,40,134039
38,Federal-gov,37683,Prof-school,15,Never-married,Prof-specialty,Not-in-family,Asian-Pac-Islander,Female,99999,0,57,142470
53,Private,366957,Bachelors,13,Married-civ-spouse,Exec-managerial,Husband,Asian-Pac-Islander,Male,99999,0,50,144766
59,Private,122283,Prof-school,15,Married-civ-spouse,Prof-specialty,Husband,Asian-Pac-Islander,Male,99999,0,40,145481
51,Private,145714,Masters,14,Married-civ-spouse,Exec-managerial,Husband,White,Male,99999,0,50,145795
50,Private,238959,Bachelors,13,Married-civ-spouse,Sales,Husband,White,Male,99999,0,60,149178
51,Self-emp-not-inc,120781,Prof-school,15,Married-civ-spouse,Prof-specialty,Husband,Other,Male,99999,0,70,163600